[
{
  "model": "auth.group",
  "pk": 1,
  "fields": {
    "name": "exc_admin",
    "permissions": []
  }
},
{
  "model": "auth.group",
  "pk": 2,
  "fields": {
    "name": "admin",
    "permissions": []
  }
},
{
  "model": "auth.group",
  "pk": 3,
  "fields": {
    "name": "vendor",
    "permissions": []
  }
},
{
  "model": "auth.group",
  "pk": 4,
  "fields": {
    "name": "buyer",
    "permissions": []
  }
},
{
  "model": "master_data.country",
  "pk": 1,
  "fields": {
    "name": "Tanzania",
    "ios2": "tz",
    "language": "en",
    "country_code": "+255",
    "timezone": "Africa/Dar_es_Salaam",
    "flag": "flag_pics/tz.png",
    "active": true,
    "date_registered": "2020-08-27T07:54:21.669Z"
  }
},
{
  "model": "master_data.category",
  "pk": 1,
  "fields": {
    "name": "Stores",
    "visited": 0,
    "active": true,
    "date_registered": "2020-08-27T07:42:50.604Z"
  }
},
{
  "model": "master_data.category",
  "pk": 2,
  "fields": {
    "name": "Restaurants",
    "visited": 0,
    "active": true,
    "date_registered": "2020-08-27T07:59:43.643Z"
  }
},
{
  "model": "master_data.category",
  "pk": 3,
  "fields": {
    "name": "Beauty & Spa",
    "visited": 0,
    "active": true,
    "date_registered": "2020-08-27T07:59:51.455Z"
  }
},
{
  "model": "master_data.category",
  "pk": 4,
  "fields": {
    "name": "Hotels",
    "visited": 0,
    "active": true,
    "date_registered": "2020-08-27T07:59:57.409Z"
  }
},
{
  "model": "master_data.category",
  "pk": 5,
  "fields": {
    "name": "Decor",
    "visited": 0,
    "active": true,
    "date_registered": "2020-08-27T08:00:05.760Z"
  }
},
{
  "model": "master_data.category",
  "pk": 6,
  "fields": {
    "name": "Real Estate",
    "visited": 0,
    "active": true,
    "date_registered": "2020-08-27T08:00:12.891Z"
  }
},
{
  "model": "master_data.category",
  "pk": 7,
  "fields": {
    "name": "Cars",
    "visited": 0,
    "active": true,
    "date_registered": "2020-08-27T08:00:17.902Z"
  }
},
{
  "model": "master_data.category",
  "pk": 8,
  "fields": {
    "name": "Nightlife",
    "visited": 0,
    "active": true,
    "date_registered": "2020-08-27T08:00:28.470Z"
  }
},
{
  "model": "master_data.category",
  "pk": 9,
  "fields": {
    "name": "Arts",
    "visited": 0,
    "active": true,
    "date_registered": "2020-08-27T08:00:35.452Z"
  }
},
{
  "model": "master_data.category",
  "pk": 10,
  "fields": {
    "name": "Movies",
    "visited": 0,
    "active": true,
    "date_registered": "2020-08-27T08:00:49.659Z"
  }
},
{
  "model": "master_data.category",
  "pk": 11,
  "fields": {
    "name": "Architecture",
    "visited": 0,
    "active": true,
    "date_registered": "2020-08-27T08:00:56.080Z"
  }
},
{
  "model": "master_data.category",
  "pk": 12,
  "fields": {
    "name": "Travel",
    "visited": 0,
    "active": true,
    "date_registered": "2020-08-27T08:01:01.299Z"
  }
},
{
  "model": "master_data.category",
  "pk": 13,
  "fields": {
    "name": "Event",
    "visited": 0,
    "active": true,
    "date_registered": "2020-08-27T08:01:09.580Z"
  }
},
{
  "model": "master_data.category",
  "pk": 14,
  "fields": {
    "name": "handymen",
    "visited": 0,
    "active": true,
    "date_registered": "2020-08-27T08:01:16.140Z"
  }
},
{
  "model": "master_data.category",
  "pk": 15,
  "fields": {
    "name": "Bakery",
    "visited": 0,
    "active": true,
    "date_registered": "2020-08-27T08:01:21.481Z"
  }
},
{
  "model": "user.user",
  "pk": 1,
  "fields": {
    "password": "pbkdf2_sha256$180000$CouWxaHkV6Ib$2GMTMlq7NWKPIhQSeG0J3C2brHCRP6Nc7WtmHaGLZa8=",
    "last_login": "2020-09-10T13:58:45.198Z",
    "first_name": null,
    "last_name": null,
    "username": "admin@windowshoppi.com",
    "email": null,
    "group": 1,
    "superuser": true,
    "staff": true,
    "active": true,
    "date_joined": "2020-08-27T07:13:40.209Z"
  }
},
{
  "model": "user.user",
  "pk": 5,
  "fields": {
    "password": "pbkdf2_sha256$180000$ZzeCGs61QqBc$ltSmEdEuZGIHbZBMLDysIWxfFbE0iWMfBwuv8Vhv3yI=",
    "last_login": null,
    "first_name": null,
    "last_name": null,
    "username": "windowshoppi",
    "email": "info@windowshoppi.com",
    "group": 3,
    "superuser": false,
    "staff": false,
    "active": true,
    "date_joined": "2020-09-01T09:14:52.042Z"
  }
},
{
  "model": "user.user",
  "pk": 6,
  "fields": {
    "password": "pbkdf2_sha256$180000$xKPujmxCKE9X$fSwlefjFdg4Akaq9zTqM0PmyIW/h9cmFl5on3NwYS/Q=",
    "last_login": null,
    "first_name": null,
    "last_name": null,
    "username": "Oscar",
    "email": "fredpaul.fp61@gmail.com",
    "group": 3,
    "superuser": false,
    "staff": false,
    "active": true,
    "date_joined": "2020-09-01T14:28:28.608Z"
  }
},
{
  "model": "user.user",
  "pk": 7,
  "fields": {
    "password": "pbkdf2_sha256$180000$hJIszhUby0H9$u/twtANbNA3E3cMrZJMEPZLG8Ye6yExFDfKztEmOgac=",
    "last_login": null,
    "first_name": null,
    "last_name": null,
    "username": "merykayange",
    "email": "mariamukayange@yahoo.com",
    "group": 3,
    "superuser": false,
    "staff": false,
    "active": true,
    "date_joined": "2020-09-01T14:39:02.034Z"
  }
},
{
  "model": "user.user",
  "pk": 8,
  "fields": {
    "password": "pbkdf2_sha256$180000$82eiS0qUhh4e$1tJWx2mS3BDLfGGGyrIfTOzH+lq9Qpj7jWwHBwNrXlE=",
    "last_login": null,
    "first_name": null,
    "last_name": null,
    "username": "DomSports",
    "email": "idrisdom4@gmail.com",
    "group": 3,
    "superuser": false,
    "staff": false,
    "active": true,
    "date_joined": "2020-09-01T15:56:23.165Z"
  }
},
{
  "model": "user.user",
  "pk": 9,
  "fields": {
    "password": "pbkdf2_sha256$180000$ldL4mt3NKfU1$ywoD72Z3y8znrlayKARRmSw3I3DcA8tsE7Pe+NTsYqU=",
    "last_login": null,
    "first_name": null,
    "last_name": null,
    "username": "kea_shopping_centre",
    "email": "kelvinf207@gmail.com",
    "group": 3,
    "superuser": false,
    "staff": false,
    "active": true,
    "date_joined": "2020-09-01T16:04:57.155Z"
  }
},
{
  "model": "user.user",
  "pk": 10,
  "fields": {
    "password": "pbkdf2_sha256$180000$6B9Zp6HOKWXp$kUXWNEGRaTKPqD8TY4q3HxREp7AUUYjs/SZG6oBQQR0=",
    "last_login": null,
    "first_name": null,
    "last_name": null,
    "username": "Emmanuel",
    "email": null,
    "group": 3,
    "superuser": false,
    "staff": false,
    "active": true,
    "date_joined": "2020-09-01T16:29:22.773Z"
  }
},
{
  "model": "user.user",
  "pk": 11,
  "fields": {
    "password": "pbkdf2_sha256$180000$RGb8Vv1gej53$C2R/EncRQQthtXEhWxBf1PuxBMUw1nfRTldgVUVWFZ8=",
    "last_login": null,
    "first_name": null,
    "last_name": null,
    "username": "AllyDai",
    "email": "allympwelea75@gmail.com",
    "group": 3,
    "superuser": false,
    "staff": false,
    "active": true,
    "date_joined": "2020-09-01T16:40:03.508Z"
  }
},
{
  "model": "user.user",
  "pk": 12,
  "fields": {
    "password": "pbkdf2_sha256$180000$lStJ6SSXzHbl$X+1yagdOvAUVvbwQWVnIx92YTE1+CYw+G8paxOc4ZHI=",
    "last_login": null,
    "first_name": null,
    "last_name": null,
    "username": "Sebastian",
    "email": "mwanaharakati40@gmail.com",
    "group": 3,
    "superuser": false,
    "staff": false,
    "active": true,
    "date_joined": "2020-09-02T07:06:10.993Z"
  }
},
{
  "model": "user.user",
  "pk": 13,
  "fields": {
    "password": "pbkdf2_sha256$180000$yp6cBCFlJ6Ja$Qe/MFzLVQYoYkj6CQaPdUUMXy/qTbD4UJr5+x9e3/p0=",
    "last_login": null,
    "first_name": null,
    "last_name": null,
    "username": "Erick",
    "email": "erynerick@gmail.com",
    "group": 3,
    "superuser": false,
    "staff": false,
    "active": true,
    "date_joined": "2020-09-02T07:09:45.521Z"
  }
},
{
  "model": "user.user",
  "pk": 14,
  "fields": {
    "password": "pbkdf2_sha256$180000$4JcrmmBFs0cj$mMBYmS3h932brAUpOaxKdV3YWwSWS+tTVd+T3aFFc9Q=",
    "last_login": null,
    "first_name": null,
    "last_name": null,
    "username": "MadamShani",
    "email": "shaniakomar123@gmail.com",
    "group": 3,
    "superuser": false,
    "staff": false,
    "active": true,
    "date_joined": "2020-09-02T08:40:50.006Z"
  }
},
{
  "model": "user.user",
  "pk": 15,
  "fields": {
    "password": "pbkdf2_sha256$180000$COFeRBQLyCUf$Vwn34Gl95Cv2/cIQ1Dnm6NEhRsESUFYUYTJ15SM+xDE=",
    "last_login": null,
    "first_name": null,
    "last_name": null,
    "username": "mkete",
    "email": "bucheyeb@gmail.com",
    "group": 3,
    "superuser": false,
    "staff": false,
    "active": true,
    "date_joined": "2020-09-02T09:34:14.912Z"
  }
},
{
  "model": "user.user",
  "pk": 16,
  "fields": {
    "password": "pbkdf2_sha256$180000$NCbA0tsnJG3S$ey9n9NIeTblHuLzsbCaGdEYwa7hLLHeNIYxRu0A3d5s=",
    "last_login": null,
    "first_name": null,
    "last_name": null,
    "username": "godfrey",
    "email": null,
    "group": 3,
    "superuser": false,
    "staff": false,
    "active": true,
    "date_joined": "2020-09-02T14:56:53.684Z"
  }
},
{
  "model": "user.user",
  "pk": 17,
  "fields": {
    "password": "pbkdf2_sha256$180000$VwgSuM86FAB2$yPsn8dc0aMuZWQ/QM9m5KkoOgE1pFROMVpD4DAzPXc0=",
    "last_login": null,
    "first_name": null,
    "last_name": null,
    "username": "Swabrina",
    "email": "swabrinah45@gmail.com",
    "group": 3,
    "superuser": false,
    "staff": false,
    "active": true,
    "date_joined": "2020-09-04T05:06:03.149Z"
  }
},
{
  "model": "user.user",
  "pk": 18,
  "fields": {
    "password": "pbkdf2_sha256$180000$Nl3dsrbcxPv5$2+I3/P9fLU4bl/bzqMgYtLbFu5ycmFMQzW61i3o72ug=",
    "last_login": null,
    "first_name": null,
    "last_name": null,
    "username": "GMFASHIONS",
    "email": "evamoshie7@gmail.com",
    "group": 3,
    "superuser": false,
    "staff": false,
    "active": true,
    "date_joined": "2020-09-04T13:10:47.435Z"
  }
},
{
  "model": "user.user",
  "pk": 19,
  "fields": {
    "password": "pbkdf2_sha256$180000$FDwwKQHQkFW4$4T4xbEGBJbW+7LSHt6RETOU0yL9rRjosXxV7NLjNpM8=",
    "last_login": null,
    "first_name": null,
    "last_name": null,
    "username": "Adamu",
    "email": "godfreyobadia92@gmail.com",
    "group": 3,
    "superuser": false,
    "staff": false,
    "active": true,
    "date_joined": "2020-09-04T22:46:11.554Z"
  }
},
{
  "model": "user.user",
  "pk": 20,
  "fields": {
    "password": "pbkdf2_sha256$180000$c1HbreXrwI0l$ucGcU/4Ap9RwxqqU3Re9XHqP9jcHsk+4J7XfEhQtyQ4=",
    "last_login": null,
    "first_name": null,
    "last_name": null,
    "username": "fund_tiles",
    "email": null,
    "group": 3,
    "superuser": false,
    "staff": false,
    "active": true,
    "date_joined": "2020-09-07T06:02:44.538Z"
  }
},
{
  "model": "user.user",
  "pk": 21,
  "fields": {
    "password": "pbkdf2_sha256$180000$7OxBY0WxgojV$sd43Eo8g9ZACZGRaGdQPgbSlC/okk5xFqBDQ6Px23og=",
    "last_login": null,
    "first_name": null,
    "last_name": null,
    "username": "magodoro",
    "email": "Salehmakwaya00@gmail.com",
    "group": 3,
    "superuser": false,
    "staff": false,
    "active": true,
    "date_joined": "2020-09-07T08:21:48.401Z"
  }
},
{
  "model": "user.user",
  "pk": 22,
  "fields": {
    "password": "pbkdf2_sha256$180000$9qqMOcUQjrJe$QxKOtBF98lf72G5IzFqBMEYGMzADjXpND/dd/61QW7g=",
    "last_login": null,
    "first_name": null,
    "last_name": null,
    "username": "agreyelectronic",
    "email": "agreymsuya@gmail.com",
    "group": 3,
    "superuser": false,
    "staff": false,
    "active": true,
    "date_joined": "2020-09-07T10:51:07.085Z"
  }
},
{
  "model": "user.user",
  "pk": 23,
  "fields": {
    "password": "pbkdf2_sha256$180000$vYda2TUHFcJY$W+4UpYq/JeRhSbMh2VIUpHRtnLwkWmXNxA4Y2bwirMc=",
    "last_login": null,
    "first_name": null,
    "last_name": null,
    "username": "NYIPINGU",
    "email": null,
    "group": 3,
    "superuser": false,
    "staff": false,
    "active": true,
    "date_joined": "2020-09-07T11:12:26.763Z"
  }
},
{
  "model": "user.user",
  "pk": 24,
  "fields": {
    "password": "pbkdf2_sha256$180000$WmxrRQCfmMdS$PtjJ/4rFL1mQkoWiu5XMpDKhXDZ/Yj/4eObKTC5tmLc=",
    "last_login": null,
    "first_name": null,
    "last_name": null,
    "username": "sadru12",
    "email": "sudimohamed74@gmail.com",
    "group": 3,
    "superuser": false,
    "staff": false,
    "active": true,
    "date_joined": "2020-09-07T12:56:22.222Z"
  }
},
{
  "model": "user.user",
  "pk": 25,
  "fields": {
    "password": "pbkdf2_sha256$180000$1fE28xd22ysL$eg/edBLeBNFuO76RVcwmVKkLwEFYzC7gLXgDZevEY3g=",
    "last_login": null,
    "first_name": null,
    "last_name": null,
    "username": "dayanapatrick",
    "email": "patrickdayana655@gmail.com",
    "group": 3,
    "superuser": false,
    "staff": false,
    "active": true,
    "date_joined": "2020-09-07T18:43:50.179Z"
  }
},
{
  "model": "user.user",
  "pk": 26,
  "fields": {
    "password": "pbkdf2_sha256$180000$yYKCv3RTt11e$6voNrVPGhcN/aOcrU8knaa+Zdur6L9VbRDW8RUZFAOw=",
    "last_login": null,
    "first_name": null,
    "last_name": null,
    "username": "fakhy_henna",
    "email": null,
    "group": 3,
    "superuser": false,
    "staff": false,
    "active": true,
    "date_joined": "2020-09-08T07:05:22.344Z"
  }
},
{
  "model": "user.user",
  "pk": 27,
  "fields": {
    "password": "pbkdf2_sha256$180000$910llu3rfyrM$A37ljJIxbjoILamvUzspbLZIdPeaXZ0abzLPnsXdGAs=",
    "last_login": null,
    "first_name": null,
    "last_name": null,
    "username": "Janetngowo901",
    "email": "ngowojanee@gmail.com",
    "group": 3,
    "superuser": false,
    "staff": false,
    "active": true,
    "date_joined": "2020-09-08T08:02:52.689Z"
  }
},
{
  "model": "user.user",
  "pk": 28,
  "fields": {
    "password": "pbkdf2_sha256$180000$1dpwIL06wrtb$aX4Ilag+JBIWGUmpxFZkGyn0Nk2x2v2Q6NeZbyWWalU=",
    "last_login": null,
    "first_name": null,
    "last_name": null,
    "username": "Amo312",
    "email": null,
    "group": 3,
    "superuser": false,
    "staff": false,
    "active": true,
    "date_joined": "2020-09-08T08:44:58.365Z"
  }
},
{
  "model": "user.user",
  "pk": 29,
  "fields": {
    "password": "pbkdf2_sha256$180000$CbCrj3paPrCA$/wii57wjY3MnxCRQeQKNqOd4PZ1pmFKk7GQgOtryMd8=",
    "last_login": null,
    "first_name": null,
    "last_name": null,
    "username": "janeth",
    "email": "janethmiguely@gmail.com",
    "group": 3,
    "superuser": false,
    "staff": false,
    "active": true,
    "date_joined": "2020-09-08T17:31:32.597Z"
  }
},
{
  "model": "user.user",
  "pk": 30,
  "fields": {
    "password": "pbkdf2_sha256$180000$xINhuFVLU3r6$GM8hdDhRLdzeASvSEjW8txF8dwtqkzDgF2qVrPYMvuY=",
    "last_login": null,
    "first_name": null,
    "last_name": null,
    "username": "Roja",
    "email": null,
    "group": 3,
    "superuser": false,
    "staff": false,
    "active": true,
    "date_joined": "2020-09-09T05:41:09.692Z"
  }
},
{
  "model": "user.user",
  "pk": 31,
  "fields": {
    "password": "pbkdf2_sha256$180000$pMVyuTTjh0Qc$//vfzA4DjfYSMqyXnNck/S5383ad1t8y6YQet6Br8kY=",
    "last_login": null,
    "first_name": null,
    "last_name": null,
    "username": "JackTembo",
    "email": "jackbenedict7@gmail.com",
    "group": 3,
    "superuser": false,
    "staff": false,
    "active": true,
    "date_joined": "2020-09-09T11:35:50.779Z"
  }
},
{
  "model": "user.user",
  "pk": 32,
  "fields": {
    "password": "pbkdf2_sha256$180000$ELD8sY9S5s1f$Ar/GwqUL86ON7jSPr6lIncoK7RWlIDRdlSSHr2ec7KU=",
    "last_login": null,
    "first_name": null,
    "last_name": null,
    "username": "MegaSTICKERZ",
    "email": "geofreylistonnyamoga@gmail.com",
    "group": 3,
    "superuser": false,
    "staff": false,
    "active": true,
    "date_joined": "2020-09-09T13:45:07.534Z"
  }
},
{
  "model": "user.user",
  "pk": 33,
  "fields": {
    "password": "pbkdf2_sha256$180000$aRda8St78sU1$vGBcKKQEyimib5K12EfGJ3RTfQRpGlkQTcZfvJUphZk=",
    "last_login": null,
    "first_name": null,
    "last_name": null,
    "username": "Chris",
    "email": null,
    "group": 3,
    "superuser": false,
    "staff": false,
    "active": true,
    "date_joined": "2020-09-09T14:20:07.219Z"
  }
},
{
  "model": "user.user",
  "pk": 34,
  "fields": {
    "password": "pbkdf2_sha256$180000$BFJBBNchDLQ0$5c796uzGETgpum4OUVxqLlWsshqfMbgA9KEkcFTlUJI=",
    "last_login": null,
    "first_name": null,
    "last_name": null,
    "username": "malkia",
    "email": null,
    "group": 3,
    "superuser": false,
    "staff": false,
    "active": true,
    "date_joined": "2020-09-09T18:11:19.795Z"
  }
},
{
  "model": "user.user",
  "pk": 35,
  "fields": {
    "password": "pbkdf2_sha256$180000$7rZ4MBzOTnmP$5Wtf3xWdwk1v7pGe1ws5jLA7uaXVn3Xwf9ViMcXdkEc=",
    "last_login": null,
    "first_name": null,
    "last_name": null,
    "username": "karongajr",
    "email": null,
    "group": 3,
    "superuser": false,
    "staff": false,
    "active": true,
    "date_joined": "2020-09-09T19:30:58.214Z"
  }
},
{
  "model": "user.user",
  "pk": 36,
  "fields": {
    "password": "pbkdf2_sha256$180000$PuVbEbhp6mlX$a5UVi37+Qj00ywISdR+uy7DXWPO6kUUEAJx3w5e2LVw=",
    "last_login": null,
    "first_name": null,
    "last_name": null,
    "username": "Lio53",
    "email": "leovarelian@gmail.com",
    "group": 3,
    "superuser": false,
    "staff": false,
    "active": true,
    "date_joined": "2020-09-10T21:00:02.112Z"
  }
},
{
  "model": "user.contact",
  "pk": 4,
  "fields": {
    "user": 5,
    "call": "255710003901",
    "whatsapp": "255710003901",
    "date_added": "2020-09-01T09:14:52.064Z",
    "date_modified": "2020-09-01T09:22:07.086Z"
  }
},
{
  "model": "user.contact",
  "pk": 5,
  "fields": {
    "user": 6,
    "call": "255654866658",
    "whatsapp": "255654866658",
    "date_added": "2020-09-01T14:28:28.619Z",
    "date_modified": "2020-09-01T16:39:03.470Z"
  }
},
{
  "model": "user.contact",
  "pk": 6,
  "fields": {
    "user": 7,
    "call": "255714004470",
    "whatsapp": "255714004470",
    "date_added": "2020-09-01T14:39:02.043Z",
    "date_modified": "2020-09-01T14:40:33.532Z"
  }
},
{
  "model": "user.contact",
  "pk": 7,
  "fields": {
    "user": 8,
    "call": "255764301360",
    "whatsapp": "255764301360",
    "date_added": "2020-09-01T15:56:23.173Z",
    "date_modified": "2020-09-01T15:57:09.996Z"
  }
},
{
  "model": "user.contact",
  "pk": 8,
  "fields": {
    "user": 9,
    "call": "255718934730",
    "whatsapp": "255718934730",
    "date_added": "2020-09-01T16:04:57.165Z",
    "date_modified": "2020-09-02T13:22:15.478Z"
  }
},
{
  "model": "user.contact",
  "pk": 9,
  "fields": {
    "user": 10,
    "call": "0672096094",
    "whatsapp": null,
    "date_added": "2020-09-01T16:29:22.781Z",
    "date_modified": "2020-09-01T16:29:22.781Z"
  }
},
{
  "model": "user.contact",
  "pk": 10,
  "fields": {
    "user": 11,
    "call": "255716684499",
    "whatsapp": "255716684499",
    "date_added": "2020-09-01T16:40:03.520Z",
    "date_modified": "2020-09-01T16:44:54.890Z"
  }
},
{
  "model": "user.contact",
  "pk": 11,
  "fields": {
    "user": 12,
    "call": "255627954492",
    "whatsapp": "255627954492",
    "date_added": "2020-09-02T07:06:11.016Z",
    "date_modified": "2020-09-04T22:52:13.561Z"
  }
},
{
  "model": "user.contact",
  "pk": 12,
  "fields": {
    "user": 13,
    "call": "255747661818",
    "whatsapp": "255747661818",
    "date_added": "2020-09-02T07:09:45.531Z",
    "date_modified": "2020-09-03T02:47:09.479Z"
  }
},
{
  "model": "user.contact",
  "pk": 13,
  "fields": {
    "user": 14,
    "call": "255621266351",
    "whatsapp": "255621266351",
    "date_added": "2020-09-02T08:40:50.015Z",
    "date_modified": "2020-09-02T08:41:29.748Z"
  }
},
{
  "model": "user.contact",
  "pk": 14,
  "fields": {
    "user": 15,
    "call": "255759513373",
    "whatsapp": "255759513373",
    "date_added": "2020-09-02T09:34:14.921Z",
    "date_modified": "2020-09-02T09:39:03.092Z"
  }
},
{
  "model": "user.contact",
  "pk": 15,
  "fields": {
    "user": 16,
    "call": "0672667707",
    "whatsapp": null,
    "date_added": "2020-09-02T14:56:53.692Z",
    "date_modified": "2020-09-02T14:56:53.692Z"
  }
},
{
  "model": "user.contact",
  "pk": 16,
  "fields": {
    "user": 17,
    "call": "255718166104",
    "whatsapp": "255718166104",
    "date_added": "2020-09-04T05:06:03.175Z",
    "date_modified": "2020-09-04T06:18:27.718Z"
  }
},
{
  "model": "user.contact",
  "pk": 17,
  "fields": {
    "user": 18,
    "call": "255715563942",
    "whatsapp": "255684454642",
    "date_added": "2020-09-04T13:10:47.457Z",
    "date_modified": "2020-09-04T13:12:26.146Z"
  }
},
{
  "model": "user.contact",
  "pk": 18,
  "fields": {
    "user": 19,
    "call": "255686411956",
    "whatsapp": "255686411956",
    "date_added": "2020-09-04T22:46:11.570Z",
    "date_modified": "2020-09-04T22:47:14.548Z"
  }
},
{
  "model": "user.contact",
  "pk": 19,
  "fields": {
    "user": 20,
    "call": "0716743401",
    "whatsapp": null,
    "date_added": "2020-09-07T06:02:44.564Z",
    "date_modified": "2020-09-07T06:02:44.564Z"
  }
},
{
  "model": "user.contact",
  "pk": 20,
  "fields": {
    "user": 21,
    "call": "255752354123",
    "whatsapp": "255742606125",
    "date_added": "2020-09-07T08:21:48.423Z",
    "date_modified": "2020-09-07T08:23:14.384Z"
  }
},
{
  "model": "user.contact",
  "pk": 21,
  "fields": {
    "user": 22,
    "call": "255753200323",
    "whatsapp": "255753200323",
    "date_added": "2020-09-07T10:51:07.095Z",
    "date_modified": "2020-09-07T10:52:42.940Z"
  }
},
{
  "model": "user.contact",
  "pk": 22,
  "fields": {
    "user": 23,
    "call": "0712428179",
    "whatsapp": null,
    "date_added": "2020-09-07T11:12:26.772Z",
    "date_modified": "2020-09-07T11:12:26.772Z"
  }
},
{
  "model": "user.contact",
  "pk": 23,
  "fields": {
    "user": 24,
    "call": "255753077677",
    "whatsapp": "255753077677",
    "date_added": "2020-09-07T12:56:22.232Z",
    "date_modified": "2020-09-07T12:57:12.576Z"
  }
},
{
  "model": "user.contact",
  "pk": 24,
  "fields": {
    "user": 25,
    "call": "255657870559",
    "whatsapp": "255657870559",
    "date_added": "2020-09-07T18:43:50.187Z",
    "date_modified": "2020-09-09T16:56:59.607Z"
  }
},
{
  "model": "user.contact",
  "pk": 25,
  "fields": {
    "user": 26,
    "call": "0656005055",
    "whatsapp": null,
    "date_added": "2020-09-08T07:05:22.367Z",
    "date_modified": "2020-09-08T07:05:22.367Z"
  }
},
{
  "model": "user.contact",
  "pk": 26,
  "fields": {
    "user": 27,
    "call": "255627629622",
    "whatsapp": "255627629622",
    "date_added": "2020-09-08T08:02:52.698Z",
    "date_modified": "2020-09-08T08:07:53.821Z"
  }
},
{
  "model": "user.contact",
  "pk": 27,
  "fields": {
    "user": 28,
    "call": "0743050795",
    "whatsapp": null,
    "date_added": "2020-09-08T08:44:58.374Z",
    "date_modified": "2020-09-08T08:44:58.374Z"
  }
},
{
  "model": "user.contact",
  "pk": 28,
  "fields": {
    "user": 29,
    "call": "255737347992",
    "whatsapp": "255737347992",
    "date_added": "2020-09-08T17:31:32.619Z",
    "date_modified": "2020-09-08T17:32:18.879Z"
  }
},
{
  "model": "user.contact",
  "pk": 29,
  "fields": {
    "user": 30,
    "call": "0655972736",
    "whatsapp": null,
    "date_added": "2020-09-09T05:41:09.701Z",
    "date_modified": "2020-09-09T05:41:09.701Z"
  }
},
{
  "model": "user.contact",
  "pk": 30,
  "fields": {
    "user": 31,
    "call": "255743689384",
    "whatsapp": "255743689384",
    "date_added": "2020-09-09T11:35:50.803Z",
    "date_modified": "2020-09-09T11:37:26.162Z"
  }
},
{
  "model": "user.contact",
  "pk": 31,
  "fields": {
    "user": 32,
    "call": "255788096276",
    "whatsapp": "255788096276",
    "date_added": "2020-09-09T13:45:07.544Z",
    "date_modified": "2020-09-09T13:46:24.741Z"
  }
},
{
  "model": "user.contact",
  "pk": 32,
  "fields": {
    "user": 33,
    "call": "0655014743",
    "whatsapp": null,
    "date_added": "2020-09-09T14:20:07.228Z",
    "date_modified": "2020-09-09T14:20:07.228Z"
  }
},
{
  "model": "user.contact",
  "pk": 33,
  "fields": {
    "user": 34,
    "call": "0685006506",
    "whatsapp": null,
    "date_added": "2020-09-09T18:11:19.805Z",
    "date_modified": "2020-09-09T18:11:19.805Z"
  }
},
{
  "model": "user.contact",
  "pk": 34,
  "fields": {
    "user": 35,
    "call": "0784005857",
    "whatsapp": null,
    "date_added": "2020-09-09T19:30:58.223Z",
    "date_modified": "2020-09-09T19:30:58.223Z"
  }
},
{
  "model": "user.contact",
  "pk": 35,
  "fields": {
    "user": 36,
    "call": "255769991180",
    "whatsapp": "255769991180",
    "date_added": "2020-09-10T21:00:02.134Z",
    "date_modified": "2020-09-10T21:02:23.417Z"
  }
},
{
  "model": "bussiness_post.bussinesspost",
  "pk": 7,
  "fields": {
    "bussiness": 4,
    "caption": "Fungua account yako post picha nzuri zitakazowavutia watumiaji wa mtandao wa windowshoppi.\r\nwindowshoppi; The smarter way",
    "active": false,
    "date_posted": "2020-09-01T09:24:35.170Z",
    "date_modified": "2020-09-07T09:49:00.612Z",
    "categories": [
      1
    ]
  }
},
{
  "model": "bussiness_post.bussinesspost",
  "pk": 8,
  "fields": {
    "bussiness": 4,
    "caption": "Katika suala zima la fashion watu wengi wanatafuta mitoko mikali. Post picha kali za kijanja upate wateja wengi.\r\nwindowshoppi; The smarter way",
    "active": false,
    "date_posted": "2020-09-01T09:32:15.711Z",
    "date_modified": "2020-09-07T09:48:50.490Z",
    "categories": [
      1
    ]
  }
},
{
  "model": "bussiness_post.bussinesspost",
  "pk": 9,
  "fields": {
    "bussiness": 4,
    "caption": "Wapostie kile watu wanatafuta. This is amazing. Men wear.\r\nwindowshoppi; The smarter way",
    "active": false,
    "date_posted": "2020-09-01T09:34:54.915Z",
    "date_modified": "2020-09-04T17:46:53.906Z",
    "categories": [
      1
    ]
  }
},
{
  "model": "bussiness_post.bussinesspost",
  "pk": 10,
  "fields": {
    "bussiness": 4,
    "caption": "Women fashion, ladies wapo kila sehemu wanatafuta mavazi amazing. tupia picha kali za kijanja uuze mzigo wako.\r\nwindowshoppi; The smarter way",
    "active": false,
    "date_posted": "2020-09-01T09:37:17.576Z",
    "date_modified": "2020-09-07T09:49:23.132Z",
    "categories": [
      1
    ]
  }
},
{
  "model": "bussiness_post.bussinesspost",
  "pk": 11,
  "fields": {
    "bussiness": 4,
    "caption": "Home Decor. Nyumba inabidi ipendeze kukupa furaha muda wote. watu wengi wanatafuta Decor quality. sasa post photos kali ili uwafikie wale big spender this season.\r\nwindowshoppi; The Smarter way",
    "active": false,
    "date_posted": "2020-09-01T09:40:44.524Z",
    "date_modified": "2020-09-07T09:49:35.652Z",
    "categories": [
      1
    ]
  }
},
{
  "model": "bussiness_post.bussinesspost",
  "pk": 12,
  "fields": {
    "bussiness": 4,
    "caption": "Men wear. unajiuliza utawafikiaje na kuwashawishi wanaume wanaotaka pamba kali. Jibu ni post photos amazing uwafikie shoppers wa kutosha.\r\nwindowshoppi; The smarter way",
    "active": false,
    "date_posted": "2020-09-01T09:44:20.155Z",
    "date_modified": "2020-09-07T09:49:46.074Z",
    "categories": [
      1
    ]
  }
},
{
  "model": "bussiness_post.bussinesspost",
  "pk": 13,
  "fields": {
    "bussiness": 4,
    "caption": "Women fashion. Wanawake wanatafuta mapigo amazing muda wote. Post photos amazing wakufikie kirahisi.\r\nwindowshoppi; The smarter way",
    "active": false,
    "date_posted": "2020-09-01T09:48:41.995Z",
    "date_modified": "2020-09-07T09:50:05.065Z",
    "categories": [
      1
    ]
  }
},
{
  "model": "bussiness_post.bussinesspost",
  "pk": 14,
  "fields": {
    "bussiness": 4,
    "caption": "Fashion ni kitu kikubwa sana, watu wanatafuta bidhaa nzuri na za kijanja. Je unza bidhaa gani ya kupost leo kwenye account yako.\r\nwindowshoppi; The smarter way",
    "active": false,
    "date_posted": "2020-09-01T09:54:33.354Z",
    "date_modified": "2020-09-07T09:50:21.210Z",
    "categories": [
      1
    ]
  }
},
{
  "model": "bussiness_post.bussinesspost",
  "pk": 15,
  "fields": {
    "bussiness": 4,
    "caption": "Men shoes. Wataalam wanasema muonekano wa mwanaume uanzia kwenye kiatu anachovaa. Post photos za viatu ulivyonavyo uwafikie men wengi nchi nzima.\nwindowshoppi; The smarter way",
    "active": false,
    "date_posted": "2020-09-01T09:57:44.442Z",
    "date_modified": "2020-09-09T17:36:27.684Z",
    "categories": []
  }
},
{
  "model": "bussiness_post.bussinesspost",
  "pk": 16,
  "fields": {
    "bussiness": 4,
    "caption": "Ladies fashion. Post picha amazing kwenye account yako ya windowshoppi uwafikie watu wengi.\nwindowshoppi; The smarter way",
    "active": false,
    "date_posted": "2020-09-01T10:00:26.074Z",
    "date_modified": "2020-09-09T17:36:34.039Z",
    "categories": []
  }
},
{
  "model": "bussiness_post.bussinesspost",
  "pk": 17,
  "fields": {
    "bussiness": 4,
    "caption": "Wale ma-designer wa majengo karibuni windowshoppi kuna watu wanatafuta design kali.\nwindowshoppi;The smarter way\n\nwelcome in advance",
    "active": false,
    "date_posted": "2020-09-01T10:03:54.272Z",
    "date_modified": "2020-09-08T19:57:45.960Z",
    "categories": []
  }
},
{
  "model": "bussiness_post.bussinesspost",
  "pk": 18,
  "fields": {
    "bussiness": 4,
    "caption": "Post picha za bidhaa zako uwafikie watu wengi wanaotafuta ku-spend.\nwindowshoppi; the smarter way",
    "active": false,
    "date_posted": "2020-09-01T10:06:06.568Z",
    "date_modified": "2020-09-09T17:37:07.819Z",
    "categories": []
  }
},
{
  "model": "bussiness_post.bussinesspost",
  "pk": 19,
  "fields": {
    "bussiness": 4,
    "caption": "#Womenwear #Ladiesfashion\nwatu wengi wanaplan ku-spend kwa nguo nzuri. Post picha nzuri uwafikie wateja wengi",
    "active": true,
    "date_posted": "2020-09-01T10:16:03.994Z",
    "date_modified": "2020-09-01T10:16:03.994Z",
    "categories": []
  }
},
{
  "model": "bussiness_post.bussinesspost",
  "pk": 20,
  "fields": {
    "bussiness": 4,
    "caption": "Mpangilio mzuri uvutia watu wa aina zote. Iwe ni nyumbani, hotelini, mgahawani, ofisini na sehemu nyingine nyingi muonekano ni mzuri. Sasa wavutie watu waje kununua bidhaa nzuri ulizonazo kwa ku-post photos amazing.\nwindowshoppi; the smarter way",
    "active": false,
    "date_posted": "2020-09-01T10:19:53.960Z",
    "date_modified": "2020-09-08T17:59:40.456Z",
    "categories": []
  }
},
{
  "model": "bussiness_post.bussinesspost",
  "pk": 21,
  "fields": {
    "bussiness": 4,
    "caption": "#LadiesFashion #WomenWear\nPost picha amazing maana ladies wanapenda kuvaa nguo amazing.\nwindowshoppi; the smarter way",
    "active": true,
    "date_posted": "2020-09-01T10:25:11.994Z",
    "date_modified": "2020-09-01T10:25:11.994Z",
    "categories": []
  }
},
{
  "model": "bussiness_post.bussinesspost",
  "pk": 22,
  "fields": {
    "bussiness": 4,
    "caption": "#WomenHandBags\nPost photos amazing ili watu washawishike na bidhaa zako.\nMost people are looking things they want to plan spending. It can be now or in future.\nwindowshoppi; the smarter way",
    "active": true,
    "date_posted": "2020-09-01T10:31:32.370Z",
    "date_modified": "2020-09-01T10:31:32.370Z",
    "categories": []
  }
},
{
  "model": "bussiness_post.bussinesspost",
  "pk": 23,
  "fields": {
    "bussiness": 4,
    "caption": "#MenWear #PambaKali\nMen wanahitaji nguo classic, sasa wapostie picha amazing washawishike kufanya spending now.\nwindowshoppi; the smarter way",
    "active": true,
    "date_posted": "2020-09-01T10:34:35.990Z",
    "date_modified": "2020-09-01T10:34:35.990Z",
    "categories": []
  }
},
{
  "model": "bussiness_post.bussinesspost",
  "pk": 24,
  "fields": {
    "bussiness": 4,
    "caption": "#WomenFashion #PostPichaKali\nwafikie watu wengi kwa ku-posti picha kali kwenye account yako ya windowshoppi",
    "active": true,
    "date_posted": "2020-09-01T10:38:40.316Z",
    "date_modified": "2020-09-01T10:38:40.316Z",
    "categories": []
  }
},
{
  "model": "bussiness_post.bussinesspost",
  "pk": 25,
  "fields": {
    "bussiness": 4,
    "caption": "#Fashion #Wear \nWindowshoppi; the smarter way",
    "active": true,
    "date_posted": "2020-09-01T10:41:46.014Z",
    "date_modified": "2020-09-01T10:41:46.014Z",
    "categories": []
  }
},
{
  "model": "bussiness_post.bussinesspost",
  "pk": 26,
  "fields": {
    "bussiness": 5,
    "caption": "sharts  qwerty  size:M,L,XL,XXL \nusikose kutucheki upendeze  nasi",
    "active": true,
    "date_posted": "2020-09-01T14:37:29.806Z",
    "date_modified": "2020-09-01T14:37:29.806Z",
    "categories": []
  }
},
{
  "model": "bussiness_post.bussinesspost",
  "pk": 27,
  "fields": {
    "bussiness": 6,
    "caption": "jipatie kwa 19000\n0714004470",
    "active": true,
    "date_posted": "2020-09-01T14:42:01.791Z",
    "date_modified": "2020-09-01T14:42:01.791Z",
    "categories": []
  }
},
{
  "model": "bussiness_post.bussinesspost",
  "pk": 28,
  "fields": {
    "bussiness": 7,
    "caption": "FULL SET AVAILABLE\nSIZE; M,L,XL,XXL\nDELIVERY AVAILABLE\nKARIAKOO MUHONDA STREET",
    "active": true,
    "date_posted": "2020-09-01T15:59:55.837Z",
    "date_modified": "2020-09-01T15:59:55.837Z",
    "categories": []
  }
},
{
  "model": "bussiness_post.bussinesspost",
  "pk": 29,
  "fields": {
    "bussiness": 5,
    "caption": "ASK-ONLINE-SHOP \nCall & whatsup 0654866658\nDar es salaam unaletewa popote ulipo \nMikoa yote tunatuma kwa garama nafuu",
    "active": true,
    "date_posted": "2020-09-01T16:13:32.248Z",
    "date_modified": "2020-09-01T16:13:32.248Z",
    "categories": []
  }
},
{
  "model": "bussiness_post.bussinesspost",
  "pk": 30,
  "fields": {
    "bussiness": 8,
    "caption": "Duvet Available\nTsh 50,000/= unapata\nDuvet zito 1\nShuka 1 size 6/6\nForonya 2",
    "active": true,
    "date_posted": "2020-09-01T16:22:22.727Z",
    "date_modified": "2020-09-01T16:22:22.727Z",
    "categories": []
  }
},
{
  "model": "bussiness_post.bussinesspost",
  "pk": 31,
  "fields": {
    "bussiness": 9,
    "caption": "TAA NZURI ZENYE UBORA WA HALI YA JUU...",
    "active": true,
    "date_posted": "2020-09-01T16:34:19.519Z",
    "date_modified": "2020-09-01T16:34:19.519Z",
    "categories": []
  }
},
{
  "model": "bussiness_post.bussinesspost",
  "pk": 32,
  "fields": {
    "bussiness": 9,
    "caption": "available\nprice.40.000",
    "active": true,
    "date_posted": "2020-09-01T16:37:35.117Z",
    "date_modified": "2020-09-01T16:37:35.117Z",
    "categories": []
  }
},
{
  "model": "bussiness_post.bussinesspost",
  "pk": 33,
  "fields": {
    "bussiness": 9,
    "caption": "Available\nprice;65.000",
    "active": true,
    "date_posted": "2020-09-01T16:39:13.675Z",
    "date_modified": "2020-09-01T16:39:13.675Z",
    "categories": []
  }
},
{
  "model": "bussiness_post.bussinesspost",
  "pk": 34,
  "fields": {
    "bussiness": 9,
    "caption": "Available",
    "active": true,
    "date_posted": "2020-09-01T16:41:29.397Z",
    "date_modified": "2020-09-01T16:41:29.397Z",
    "categories": []
  }
},
{
  "model": "bussiness_post.bussinesspost",
  "pk": 35,
  "fields": {
    "bussiness": 9,
    "caption": "Available",
    "active": true,
    "date_posted": "2020-09-01T16:42:11.602Z",
    "date_modified": "2020-09-01T16:42:11.602Z",
    "categories": []
  }
},
{
  "model": "bussiness_post.bussinesspost",
  "pk": 36,
  "fields": {
    "bussiness": 10,
    "caption": "iPhone 7 earphone",
    "active": true,
    "date_posted": "2020-09-01T16:42:21.186Z",
    "date_modified": "2020-09-01T16:42:21.186Z",
    "categories": []
  }
},
{
  "model": "bussiness_post.bussinesspost",
  "pk": 37,
  "fields": {
    "bussiness": 8,
    "caption": "Set iliyokamili\nShuka 2 size 7/8\npazia 4 size metre 1.5 & metre 2.8\nforonya 4\nSh 100,000/= tu",
    "active": true,
    "date_posted": "2020-09-01T16:48:04.956Z",
    "date_modified": "2020-09-01T16:48:04.956Z",
    "categories": []
  }
},
{
  "model": "bussiness_post.bussinesspost",
  "pk": 38,
  "fields": {
    "bussiness": 11,
    "caption": "quality handbag \nprice 45000/= karibu delivery ipo",
    "active": true,
    "date_posted": "2020-09-02T07:11:09.959Z",
    "date_modified": "2020-09-02T07:11:09.959Z",
    "categories": []
  }
},
{
  "model": "bussiness_post.bussinesspost",
  "pk": 39,
  "fields": {
    "bussiness": 11,
    "caption": "quality bags for women \nprice 45000/= delivery ipo karibuu",
    "active": true,
    "date_posted": "2020-09-02T07:31:08.089Z",
    "date_modified": "2020-09-02T07:31:08.089Z",
    "categories": []
  }
},
{
  "model": "bussiness_post.bussinesspost",
  "pk": 40,
  "fields": {
    "bussiness": 14,
    "caption": "art nzuri kwa urembo wa nyumba\n\nelephart painting",
    "active": true,
    "date_posted": "2020-09-02T09:57:58.466Z",
    "date_modified": "2020-09-10T14:30:06.477Z",
    "categories": []
  }
},
{
  "model": "bussiness_post.bussinesspost",
  "pk": 41,
  "fields": {
    "bussiness": 14,
    "caption": "bei maelewano\n\ntupigie au chati na sisi",
    "active": true,
    "date_posted": "2020-09-02T10:00:17.093Z",
    "date_modified": "2020-09-02T10:00:17.093Z",
    "categories": []
  }
},
{
  "model": "bussiness_post.bussinesspost",
  "pk": 42,
  "fields": {
    "bussiness": 14,
    "caption": "bei maelewano\n\nwasiliana nasi",
    "active": true,
    "date_posted": "2020-09-02T10:02:06.631Z",
    "date_modified": "2020-09-08T20:29:48.092Z",
    "categories": []
  }
},
{
  "model": "bussiness_post.bussinesspost",
  "pk": 44,
  "fields": {
    "bussiness": 14,
    "caption": "wasiliana nasi kwa picha nzuri",
    "active": true,
    "date_posted": "2020-09-02T10:04:21.883Z",
    "date_modified": "2020-09-02T10:04:21.883Z",
    "categories": []
  }
},
{
  "model": "bussiness_post.bussinesspost",
  "pk": 45,
  "fields": {
    "bussiness": 6,
    "caption": "25000 jumla\nreja 27000\n0714004470",
    "active": true,
    "date_posted": "2020-09-02T11:28:37.911Z",
    "date_modified": "2020-09-02T11:28:37.911Z",
    "categories": []
  }
},
{
  "model": "bussiness_post.bussinesspost",
  "pk": 46,
  "fields": {
    "bussiness": 14,
    "caption": "picha nzuri za kuchora kwa bei nafuu",
    "active": true,
    "date_posted": "2020-09-02T11:56:33.683Z",
    "date_modified": "2020-09-02T11:56:33.683Z",
    "categories": []
  }
},
{
  "model": "bussiness_post.bussinesspost",
  "pk": 47,
  "fields": {
    "bussiness": 14,
    "caption": "wasiliana nasi",
    "active": true,
    "date_posted": "2020-09-02T11:58:03.047Z",
    "date_modified": "2020-09-02T11:58:03.047Z",
    "categories": []
  }
},
{
  "model": "bussiness_post.bussinesspost",
  "pk": 48,
  "fields": {
    "bussiness": 8,
    "caption": "Sofer cover Available\nFull set 3:2:1:1 + foronya 7\nKwa sh 200,000/= tu",
    "active": true,
    "date_posted": "2020-09-02T13:26:39.762Z",
    "date_modified": "2020-09-02T13:26:39.762Z",
    "categories": []
  }
},
{
  "model": "bussiness_post.bussinesspost",
  "pk": 49,
  "fields": {
    "bussiness": 8,
    "caption": "Blanket Available",
    "active": true,
    "date_posted": "2020-09-02T16:42:31.570Z",
    "date_modified": "2020-09-02T16:42:31.570Z",
    "categories": []
  }
},
{
  "model": "bussiness_post.bussinesspost",
  "pk": 50,
  "fields": {
    "bussiness": 12,
    "caption": "Size:27-34",
    "active": true,
    "date_posted": "2020-09-03T02:48:35.698Z",
    "date_modified": "2020-09-03T02:48:35.698Z",
    "categories": []
  }
},
{
  "model": "bussiness_post.bussinesspost",
  "pk": 51,
  "fields": {
    "bussiness": 12,
    "caption": "Vaa Pendeza",
    "active": true,
    "date_posted": "2020-09-03T02:50:11.544Z",
    "date_modified": "2020-09-03T02:50:11.544Z",
    "categories": []
  }
},
{
  "model": "bussiness_post.bussinesspost",
  "pk": 52,
  "fields": {
    "bussiness": 14,
    "caption": "picha nzuri kwa bei poa",
    "active": true,
    "date_posted": "2020-09-03T14:04:37.799Z",
    "date_modified": "2020-09-03T14:04:37.799Z",
    "categories": []
  }
},
{
  "model": "bussiness_post.bussinesspost",
  "pk": 53,
  "fields": {
    "bussiness": 14,
    "caption": "bei mawasiliano, karibu wote",
    "active": true,
    "date_posted": "2020-09-03T14:05:12.703Z",
    "date_modified": "2020-09-09T04:58:30.284Z",
    "categories": []
  }
},
{
  "model": "bussiness_post.bussinesspost",
  "pk": 54,
  "fields": {
    "bussiness": 9,
    "caption": "CCTV camera bulb\nprice:150.000",
    "active": true,
    "date_posted": "2020-09-03T14:14:33.577Z",
    "date_modified": "2020-09-03T14:14:33.577Z",
    "categories": []
  }
},
{
  "model": "bussiness_post.bussinesspost",
  "pk": 55,
  "fields": {
    "bussiness": 9,
    "caption": "Available",
    "active": true,
    "date_posted": "2020-09-03T14:15:04.027Z",
    "date_modified": "2020-09-03T14:15:04.027Z",
    "categories": []
  }
},
{
  "model": "bussiness_post.bussinesspost",
  "pk": 56,
  "fields": {
    "bussiness": 9,
    "caption": "TAA za mikanda",
    "active": true,
    "date_posted": "2020-09-03T14:16:41.174Z",
    "date_modified": "2020-09-03T14:16:41.174Z",
    "categories": []
  }
},
{
  "model": "bussiness_post.bussinesspost",
  "pk": 57,
  "fields": {
    "bussiness": 8,
    "caption": "Vikoi kutoka uganda\nSize Metre 2\nRejareja 15,000/=\nJumla 10,000/= kuanzia pic 10",
    "active": true,
    "date_posted": "2020-09-04T09:05:16.114Z",
    "date_modified": "2020-09-04T09:05:16.114Z",
    "categories": []
  }
},
{
  "model": "bussiness_post.bussinesspost",
  "pk": 58,
  "fields": {
    "bussiness": 17,
    "caption": "tshirt nzuri kwa bei poa\n\ncall & whatsapp",
    "active": true,
    "date_posted": "2020-09-04T13:39:47.826Z",
    "date_modified": "2020-09-04T13:39:47.826Z",
    "categories": []
  }
},
{
  "model": "bussiness_post.bussinesspost",
  "pk": 59,
  "fields": {
    "bussiness": 17,
    "caption": "tshirt nzuri\n\ncall and whatsapp",
    "active": true,
    "date_posted": "2020-09-04T13:46:34.238Z",
    "date_modified": "2020-09-04T13:46:34.238Z",
    "categories": []
  }
},
{
  "model": "bussiness_post.bussinesspost",
  "pk": 60,
  "fields": {
    "bussiness": 17,
    "caption": "GM Fashion outfits\n\nwelcome all",
    "active": true,
    "date_posted": "2020-09-04T13:49:49.198Z",
    "date_modified": "2020-09-04T13:49:49.198Z",
    "categories": []
  }
},
{
  "model": "bussiness_post.bussinesspost",
  "pk": 61,
  "fields": {
    "bussiness": 17,
    "caption": "bei poa..call & whatsapp",
    "active": true,
    "date_posted": "2020-09-04T13:50:39.063Z",
    "date_modified": "2020-09-04T13:50:39.063Z",
    "categories": []
  }
},
{
  "model": "bussiness_post.bussinesspost",
  "pk": 62,
  "fields": {
    "bussiness": 17,
    "caption": "wasiliana nasi kwa nguo nzuri",
    "active": true,
    "date_posted": "2020-09-04T13:52:34.906Z",
    "date_modified": "2020-09-04T13:52:34.906Z",
    "categories": []
  }
},
{
  "model": "bussiness_post.bussinesspost",
  "pk": 63,
  "fields": {
    "bussiness": 17,
    "caption": "best outfit",
    "active": true,
    "date_posted": "2020-09-04T14:03:10.960Z",
    "date_modified": "2020-09-04T14:03:10.960Z",
    "categories": []
  }
},
{
  "model": "bussiness_post.bussinesspost",
  "pk": 64,
  "fields": {
    "bussiness": 16,
    "caption": "karibuni Swabrina Accessories ????\nmjipatie kila aina ya urembo kwa bei ya jumla na rejareja\nTunatuma mikoa yote kwa uaminifu mkubwa",
    "active": true,
    "date_posted": "2020-09-04T15:14:21.539Z",
    "date_modified": "2020-09-04T15:14:21.540Z",
    "categories": []
  }
},
{
  "model": "bussiness_post.bussinesspost",
  "pk": 65,
  "fields": {
    "bussiness": 16,
    "caption": "make up bags size kubwa kabisa kwa ajili ya kuhifadhia makeups zako\nHili ni bag tupu halina makeups ndani\nunapata kwa 100000/= tu\ntunatuma mikoa yote",
    "active": true,
    "date_posted": "2020-09-04T15:16:43.066Z",
    "date_modified": "2020-09-04T15:16:43.066Z",
    "categories": []
  }
},
{
  "model": "bussiness_post.bussinesspost",
  "pk": 66,
  "fields": {
    "bussiness": 17,
    "caption": "kofia nzuri kwa bei nafuu\n\ncall & whatspp",
    "active": true,
    "date_posted": "2020-09-04T16:55:20.226Z",
    "date_modified": "2020-09-04T16:55:20.226Z",
    "categories": []
  }
},
{
  "model": "bussiness_post.bussinesspost",
  "pk": 67,
  "fields": {
    "bussiness": 17,
    "caption": "boxers za kiume kwa bei nafuu\n\nkaribuni wote",
    "active": true,
    "date_posted": "2020-09-04T16:56:54.535Z",
    "date_modified": "2020-09-04T16:56:54.535Z",
    "categories": []
  }
},
{
  "model": "bussiness_post.bussinesspost",
  "pk": 68,
  "fields": {
    "bussiness": 11,
    "caption": "price 45000/= wahi mapemaa usijilaumi\ndelivery ipo",
    "active": true,
    "date_posted": "2020-09-04T17:31:06.921Z",
    "date_modified": "2020-09-04T17:31:06.921Z",
    "categories": []
  }
},
{
  "model": "bussiness_post.bussinesspost",
  "pk": 69,
  "fields": {
    "bussiness": 11,
    "caption": "new arrival handbag \nprice 45000/= \ndelivery ipo",
    "active": true,
    "date_posted": "2020-09-04T17:32:14.699Z",
    "date_modified": "2020-09-04T17:32:14.699Z",
    "categories": []
  }
},
{
  "model": "bussiness_post.bussinesspost",
  "pk": 70,
  "fields": {
    "bussiness": 11,
    "caption": "medium handbag \nprice 35000/= \ndelivery ipo",
    "active": true,
    "date_posted": "2020-09-04T17:33:35.255Z",
    "date_modified": "2020-09-04T17:33:35.255Z",
    "categories": []
  }
},
{
  "model": "bussiness_post.bussinesspost",
  "pk": 71,
  "fields": {
    "bussiness": 11,
    "caption": "price 35000/= \nmedium handbag delivery ipo",
    "active": true,
    "date_posted": "2020-09-04T17:36:12.758Z",
    "date_modified": "2020-09-04T17:36:12.759Z",
    "categories": []
  }
},
{
  "model": "bussiness_post.bussinesspost",
  "pk": 72,
  "fields": {
    "bussiness": 11,
    "caption": "price 25000/= smart handbag",
    "active": true,
    "date_posted": "2020-09-04T17:37:48.926Z",
    "date_modified": "2020-09-04T17:37:48.926Z",
    "categories": []
  }
},
{
  "model": "bussiness_post.bussinesspost",
  "pk": 73,
  "fields": {
    "bussiness": 17,
    "caption": "kofia nzuri\r\n\r\ncall & whatsapp",
    "active": true,
    "date_posted": "2020-09-04T17:37:57.629Z",
    "date_modified": "2020-09-04T17:40:55.300Z",
    "categories": [
      1
    ]
  }
},
{
  "model": "bussiness_post.bussinesspost",
  "pk": 74,
  "fields": {
    "bussiness": 11,
    "caption": "price 35000/=",
    "active": true,
    "date_posted": "2020-09-04T17:38:12.546Z",
    "date_modified": "2020-09-04T17:38:12.546Z",
    "categories": []
  }
},
{
  "model": "bussiness_post.bussinesspost",
  "pk": 75,
  "fields": {
    "bussiness": 17,
    "caption": "call & whatsapp",
    "active": true,
    "date_posted": "2020-09-04T17:39:02.294Z",
    "date_modified": "2020-09-04T17:39:02.294Z",
    "categories": []
  }
},
{
  "model": "bussiness_post.bussinesspost",
  "pk": 76,
  "fields": {
    "bussiness": 18,
    "caption": "DELL PRECISION M4800 CORE i5\nGAMING PC \nRAM 8GB\nHDD 500GB\nCore i5 Speed 2.70GHz\nNVIDIA GEFORCE TOTAL GRAPHICS 6GB\nDEDICATED GRAPHICS(nvram) 2GB\nINTEL HD GRAPHICS 4600\nDISPLAY RESOLUTION 1920X1080\nSCREEN SIZE 15.6 Inches\nPrice : Tsh 650,000/=\nCall: 0686411956/0742067797",
    "active": true,
    "date_posted": "2020-09-04T22:54:38.482Z",
    "date_modified": "2020-09-04T22:54:38.482Z",
    "categories": []
  }
},
{
  "model": "bussiness_post.bussinesspost",
  "pk": 77,
  "fields": {
    "bussiness": 17,
    "caption": "kwa kofia nzuri..\n\ncall & whatsapp",
    "active": true,
    "date_posted": "2020-09-05T06:27:27.734Z",
    "date_modified": "2020-09-05T06:27:27.734Z",
    "categories": []
  }
},
{
  "model": "bussiness_post.bussinesspost",
  "pk": 78,
  "fields": {
    "bussiness": 17,
    "caption": "mashati mazuri\n\ncall & whatsapp",
    "active": true,
    "date_posted": "2020-09-05T06:28:58.150Z",
    "date_modified": "2020-09-05T06:28:58.150Z",
    "categories": []
  }
},
{
  "model": "bussiness_post.bussinesspost",
  "pk": 79,
  "fields": {
    "bussiness": 8,
    "caption": "Shuka 2 \nForonya 4\nKwa sh 60,000/= tu",
    "active": true,
    "date_posted": "2020-09-06T13:08:30.988Z",
    "date_modified": "2020-09-06T13:08:30.989Z",
    "categories": []
  }
},
{
  "model": "bussiness_post.bussinesspost",
  "pk": 80,
  "fields": {
    "bussiness": 8,
    "caption": "Shuka 2\nForonya 4\nKwa sh 60,000/=\nCall 0718934730",
    "active": true,
    "date_posted": "2020-09-06T13:11:55.304Z",
    "date_modified": "2020-09-06T13:11:55.304Z",
    "categories": []
  }
},
{
  "model": "bussiness_post.bussinesspost",
  "pk": 81,
  "fields": {
    "bussiness": 19,
    "caption": "kwa kazi nzuri za tiles na tangastone tupigie.0716743401",
    "active": true,
    "date_posted": "2020-09-07T06:05:36.917Z",
    "date_modified": "2020-09-07T06:05:36.917Z",
    "categories": []
  }
},
{
  "model": "bussiness_post.bussinesspost",
  "pk": 82,
  "fields": {
    "bussiness": 14,
    "caption": "kwa picha nzuri\n\ncall & whatsapp",
    "active": true,
    "date_posted": "2020-09-07T07:22:18.636Z",
    "date_modified": "2020-09-08T20:29:40.554Z",
    "categories": []
  }
},
{
  "model": "bussiness_post.bussinesspost",
  "pk": 83,
  "fields": {
    "bussiness": 20,
    "caption": "magodoro best quality Comfy 5x6 8inch 240,000 free deliver call 0752354123",
    "active": true,
    "date_posted": "2020-09-07T08:24:40.456Z",
    "date_modified": "2020-09-07T08:24:40.456Z",
    "categories": []
  }
},
{
  "model": "bussiness_post.bussinesspost",
  "pk": 84,
  "fields": {
    "bussiness": 20,
    "caption": "Tuff foam. 5x6 6inch 150,000 na 8inch 200,000 free delivery  Call 0752354123",
    "active": true,
    "date_posted": "2020-09-07T08:26:20.485Z",
    "date_modified": "2020-09-07T08:26:20.485Z",
    "categories": []
  }
},
{
  "model": "bussiness_post.bussinesspost",
  "pk": 85,
  "fields": {
    "bussiness": 20,
    "caption": "GSM FOAM 5X6 8inch 200,000\nfree delivery  Date\ncall 0752354123",
    "active": true,
    "date_posted": "2020-09-07T08:28:04.555Z",
    "date_modified": "2020-09-07T08:28:04.555Z",
    "categories": []
  }
},
{
  "model": "bussiness_post.bussinesspost",
  "pk": 86,
  "fields": {
    "bussiness": 20,
    "caption": "Complete 5x6 na godoro 8inch 480,000\nCall 0752354123\ntupo Kinondoni B. tutakuletea ulipo Kisha utafanya malipo",
    "active": true,
    "date_posted": "2020-09-07T08:30:01.767Z",
    "date_modified": "2020-09-07T08:30:01.767Z",
    "categories": []
  }
},
{
  "model": "bussiness_post.bussinesspost",
  "pk": 87,
  "fields": {
    "bussiness": 17,
    "caption": "kwa kofia kali walisiana nasi",
    "active": true,
    "date_posted": "2020-09-07T08:33:17.679Z",
    "date_modified": "2020-09-07T08:33:17.679Z",
    "categories": []
  }
},
{
  "model": "bussiness_post.bussinesspost",
  "pk": 88,
  "fields": {
    "bussiness": 17,
    "caption": "call & whatsapp",
    "active": true,
    "date_posted": "2020-09-07T08:33:47.770Z",
    "date_modified": "2020-09-07T08:33:47.770Z",
    "categories": []
  }
},
{
  "model": "bussiness_post.bussinesspost",
  "pk": 89,
  "fields": {
    "bussiness": 20,
    "caption": "je unasumbuliwa na maivu ya mwili na mgongo?\nsupreme 6x6 10inch 560,000\nGodoro bora zaidi Tanzania \nFree deliver \nCall 0752354123",
    "active": true,
    "date_posted": "2020-09-07T08:37:46.103Z",
    "date_modified": "2020-09-07T08:37:46.103Z",
    "categories": []
  }
},
{
  "model": "bussiness_post.bussinesspost",
  "pk": 90,
  "fields": {
    "bussiness": 20,
    "caption": "Dododma ngum 5x6 6inch price 210,000\nfree deliver \nCall 0752354123",
    "active": true,
    "date_posted": "2020-09-07T08:39:18.318Z",
    "date_modified": "2020-09-07T08:39:18.318Z",
    "categories": []
  }
},
{
  "model": "bussiness_post.bussinesspost",
  "pk": 91,
  "fields": {
    "bussiness": 20,
    "caption": "GSM FOAM 5X6 6inch price 150,000\nfree deliver mpaka ulipo\nCall 0752354123",
    "active": true,
    "date_posted": "2020-09-07T08:40:42.126Z",
    "date_modified": "2020-09-07T08:40:42.126Z",
    "categories": []
  }
},
{
  "model": "bussiness_post.bussinesspost",
  "pk": 92,
  "fields": {
    "bussiness": 20,
    "caption": "Dodoma ngum best quality\n5x6 10inch price 320,000\nfree deliver \nCall 0752354123",
    "active": true,
    "date_posted": "2020-09-07T08:42:46.731Z",
    "date_modified": "2020-09-07T08:42:46.731Z",
    "categories": []
  }
},
{
  "model": "bussiness_post.bussinesspost",
  "pk": 93,
  "fields": {
    "bussiness": 20,
    "caption": "Maliza sasa maumivu ya mgongo na mwili\nTumia Suprem first Quality\n5x6 8inch price 350,000\nCall 0752354123\nfree deliver popote ulipo",
    "active": true,
    "date_posted": "2020-09-07T08:44:55.725Z",
    "date_modified": "2020-09-07T08:44:55.725Z",
    "categories": []
  }
},
{
  "model": "bussiness_post.bussinesspost",
  "pk": 94,
  "fields": {
    "bussiness": 20,
    "caption": "First Quality mattress 5x6 10inch\nprice 460,000\nfree deliver \nCall 0752354123\nMaliza sasa tatizo la kutumia godoro mbovu",
    "active": true,
    "date_posted": "2020-09-07T08:47:50.005Z",
    "date_modified": "2020-09-07T08:47:50.005Z",
    "categories": []
  }
},
{
  "model": "bussiness_post.bussinesspost",
  "pk": 95,
  "fields": {
    "bussiness": 20,
    "caption": "5x6 6icnh\nprice 150,000\nfree deliver",
    "active": true,
    "date_posted": "2020-09-07T08:53:04.287Z",
    "date_modified": "2020-09-07T08:53:04.287Z",
    "categories": []
  }
},
{
  "model": "bussiness_post.bussinesspost",
  "pk": 96,
  "fields": {
    "bussiness": 20,
    "caption": "5x6 10inch\nprice 350,000\nfree deliver",
    "active": true,
    "date_posted": "2020-09-07T08:54:19.662Z",
    "date_modified": "2020-09-07T08:54:19.662Z",
    "categories": []
  }
},
{
  "model": "bussiness_post.bussinesspost",
  "pk": 97,
  "fields": {
    "bussiness": 20,
    "caption": "maliza tatizo la maumivu ya mwili\n5x6 12inch\nprice 560,000\nfree deliver",
    "active": true,
    "date_posted": "2020-09-07T08:55:32.235Z",
    "date_modified": "2020-09-07T08:55:32.236Z",
    "categories": []
  }
},
{
  "model": "bussiness_post.bussinesspost",
  "pk": 98,
  "fields": {
    "bussiness": 20,
    "caption": "4x6 6inchprice 150,000\nfree deliver",
    "active": true,
    "date_posted": "2020-09-07T08:56:40.725Z",
    "date_modified": "2020-09-07T08:56:40.725Z",
    "categories": []
  }
},
{
  "model": "bussiness_post.bussinesspost",
  "pk": 99,
  "fields": {
    "bussiness": 20,
    "caption": "2.5x6 3inch  55,000\nfree deliver",
    "active": true,
    "date_posted": "2020-09-07T08:57:24.813Z",
    "date_modified": "2020-09-07T08:57:24.813Z",
    "categories": []
  }
},
{
  "model": "bussiness_post.bussinesspost",
  "pk": 100,
  "fields": {
    "bussiness": 20,
    "caption": "6x6 8inch\nprice 450,000\nfree deliver",
    "active": true,
    "date_posted": "2020-09-07T08:58:19.817Z",
    "date_modified": "2020-09-07T08:58:19.817Z",
    "categories": []
  }
},
{
  "model": "bussiness_post.bussinesspost",
  "pk": 101,
  "fields": {
    "bussiness": 20,
    "caption": "6x6.5(sita kwa sita na nusu) inch 8\nprice 370,000\nfree deliver",
    "active": true,
    "date_posted": "2020-09-07T09:00:20.306Z",
    "date_modified": "2020-09-07T09:00:20.306Z",
    "categories": []
  }
},
{
  "model": "bussiness_post.bussinesspost",
  "pk": 102,
  "fields": {
    "bussiness": 20,
    "caption": "4x6 6inch 250,000\nmaliza tatizo la maumivu ya mgongo\nfree deliver",
    "active": true,
    "date_posted": "2020-09-07T09:01:38.260Z",
    "date_modified": "2020-09-07T09:01:38.260Z",
    "categories": []
  }
},
{
  "model": "bussiness_post.bussinesspost",
  "pk": 103,
  "fields": {
    "bussiness": 20,
    "caption": "Baby's soft mattress \n2x4(upana fut 2na uref fut 4) 6inch\nprice 70,000\nEpuka kumlaza mtoto mdogo kwenye godoro ngumu\ntumia godoro yenye viwango vya mwili wa mtoto\nFree deliver",
    "active": true,
    "date_posted": "2020-09-07T09:04:33.493Z",
    "date_modified": "2020-09-07T09:04:33.493Z",
    "categories": []
  }
},
{
  "model": "bussiness_post.bussinesspost",
  "pk": 104,
  "fields": {
    "bussiness": 20,
    "caption": "Fisrt Quality 5x6 10inch \nprice 460,000\nfree deliver",
    "active": true,
    "date_posted": "2020-09-07T09:05:56.059Z",
    "date_modified": "2020-09-07T09:05:56.059Z",
    "categories": []
  }
},
{
  "model": "bussiness_post.bussinesspost",
  "pk": 105,
  "fields": {
    "bussiness": 20,
    "caption": "Suprem First quality\n6x6 12inch(king-size)\nprice 650,000\nfree deliver",
    "active": true,
    "date_posted": "2020-09-07T09:07:44.277Z",
    "date_modified": "2020-09-07T09:07:44.277Z",
    "categories": []
  }
},
{
  "model": "bussiness_post.bussinesspost",
  "pk": 106,
  "fields": {
    "bussiness": 20,
    "caption": "5x6 8inch price 230,000\nfree deliver\nLipia baada ya kudikishiwa godoro",
    "active": true,
    "date_posted": "2020-09-07T09:10:01.905Z",
    "date_modified": "2020-09-07T09:10:01.905Z",
    "categories": []
  }
},
{
  "model": "bussiness_post.bussinesspost",
  "pk": 107,
  "fields": {
    "bussiness": 20,
    "caption": "Soft pillow 10,000 kila moja\ntuna deliver \nfree deliver kuanzia pillow 6",
    "active": true,
    "date_posted": "2020-09-07T09:11:48.134Z",
    "date_modified": "2020-09-07T09:11:48.134Z",
    "categories": []
  }
},
{
  "model": "bussiness_post.bussinesspost",
  "pk": 108,
  "fields": {
    "bussiness": 17,
    "caption": "boxer za kiume\n\nkaribu wote",
    "active": true,
    "date_posted": "2020-09-07T09:26:40.391Z",
    "date_modified": "2020-09-07T09:26:40.391Z",
    "categories": []
  }
},
{
  "model": "bussiness_post.bussinesspost",
  "pk": 109,
  "fields": {
    "bussiness": 21,
    "caption": "Ofa za flat screen TV za hisense\nInch 32 bei ni 350000\ninch 40 bei ni 590000\ninch 43 bei ni 750000\ninch 55 bei ni 1.3milion\nkwa dar es salaam Utaletewa ulipo Ndio ulipie\nCall us 0753200323 or whatsap",
    "active": true,
    "date_posted": "2020-09-07T10:57:33.575Z",
    "date_modified": "2020-09-07T10:57:33.575Z",
    "categories": []
  }
},
{
  "model": "bussiness_post.bussinesspost",
  "pk": 110,
  "fields": {
    "bussiness": 23,
    "caption": "keki ipo",
    "active": true,
    "date_posted": "2020-09-07T12:57:47.548Z",
    "date_modified": "2020-09-07T12:57:47.548Z",
    "categories": []
  }
},
{
  "model": "bussiness_post.bussinesspost",
  "pk": 111,
  "fields": {
    "bussiness": 19,
    "caption": "Tunajivunia kuwa na mafundi Bora, watakao kupatia ushauri juu ya tiles, kwa Bei ya 5000 q.meter",
    "active": true,
    "date_posted": "2020-09-07T14:46:07.363Z",
    "date_modified": "2020-09-07T14:46:07.363Z",
    "categories": []
  }
},
{
  "model": "bussiness_post.bussinesspost",
  "pk": 112,
  "fields": {
    "bussiness": 14,
    "caption": "kwa picha nzuri za ndan wasiliana nasi",
    "active": true,
    "date_posted": "2020-09-07T15:40:50.317Z",
    "date_modified": "2020-09-08T20:30:25.060Z",
    "categories": []
  }
},
{
  "model": "bussiness_post.bussinesspost",
  "pk": 113,
  "fields": {
    "bussiness": 24,
    "caption": "lyon tv inch 32 kwa sh 290,000 tu unapata wall bracket free tunapatikana kariakoo mtaa wa msimbazi free delivery in dar call 0657870559",
    "active": true,
    "date_posted": "2020-09-07T18:46:01.804Z",
    "date_modified": "2020-09-07T18:46:01.804Z",
    "categories": []
  }
},
{
  "model": "bussiness_post.bussinesspost",
  "pk": 114,
  "fields": {
    "bussiness": 19,
    "caption": "kwetu sisi unayonafasi ya kuchagua, unahitaji huduma ya kujengewa tiles na tangastone tupigie.0716743401",
    "active": true,
    "date_posted": "2020-09-08T05:26:55.663Z",
    "date_modified": "2020-09-08T05:26:55.663Z",
    "categories": []
  }
},
{
  "model": "bussiness_post.bussinesspost",
  "pk": 115,
  "fields": {
    "bussiness": 21,
    "caption": "Evvoli flat screen TV\nInch 24 bei ni 230000\ninch 32 bei ni 300000\ninch 43 bei ni 580000\ninch 55 smart 4k bei ni 1.2milion\nInch 65 utraslim smart bei ni 1.9milion\nWarrant 2 years\nFree delivery in Dar es salaam\ncall us 0753200323 or whatsap",
    "active": true,
    "date_posted": "2020-09-08T05:48:53.153Z",
    "date_modified": "2020-09-08T05:48:53.153Z",
    "categories": []
  }
},
{
  "model": "bussiness_post.bussinesspost",
  "pk": 116,
  "fields": {
    "bussiness": 17,
    "caption": "kwa nguo nzuri kama hizi\n\ncall & whatsapp\n\nna mikoani tunatuma",
    "active": true,
    "date_posted": "2020-09-08T05:50:39.651Z",
    "date_modified": "2020-09-08T05:50:39.651Z",
    "categories": []
  }
},
{
  "model": "bussiness_post.bussinesspost",
  "pk": 117,
  "fields": {
    "bussiness": 25,
    "caption": "Arabic henna and tattoos",
    "active": true,
    "date_posted": "2020-09-08T07:06:33.309Z",
    "date_modified": "2020-09-08T07:06:33.309Z",
    "categories": []
  }
},
{
  "model": "bussiness_post.bussinesspost",
  "pk": 118,
  "fields": {
    "bussiness": 26,
    "caption": "karibuni Sana ???? ...weka order yako kwa nambari 0627629622",
    "active": true,
    "date_posted": "2020-09-08T08:09:48.103Z",
    "date_modified": "2020-09-08T08:09:48.103Z",
    "categories": []
  }
},
{
  "model": "bussiness_post.bussinesspost",
  "pk": 119,
  "fields": {
    "bussiness": 28,
    "caption": "offshoulder tops 6000",
    "active": true,
    "date_posted": "2020-09-08T17:33:40.004Z",
    "date_modified": "2020-09-08T17:33:40.004Z",
    "categories": []
  }
},
{
  "model": "bussiness_post.bussinesspost",
  "pk": 120,
  "fields": {
    "bussiness": 19,
    "caption": "New project madare,Elimu kwanza alafu huduma unahitaji huduma ya kujengewa tiles na tangastone tupigie.0716743401",
    "active": true,
    "date_posted": "2020-09-09T07:29:06.947Z",
    "date_modified": "2020-09-09T07:29:06.947Z",
    "categories": []
  }
},
{
  "model": "bussiness_post.bussinesspost",
  "pk": 121,
  "fields": {
    "bussiness": 24,
    "caption": "boss tv led kwa sh 340,000 tu unapata na stand ya ukutani bure tunapatikana kariakoo mtaa wa msimbazi ukihitaji tunakuletea mpaka nyumbani bure kabisa piga 0657870559",
    "active": true,
    "date_posted": "2020-09-09T07:29:24.023Z",
    "date_modified": "2020-09-09T07:29:24.023Z",
    "categories": []
  }
},
{
  "model": "bussiness_post.bussinesspost",
  "pk": 122,
  "fields": {
    "bussiness": 30,
    "caption": "sabufa kuanzia 78,000/=\npiga/whatsapp 0743689384\nusafiri buree dar es salaam\ntupo kariakoo msimbazi",
    "active": true,
    "date_posted": "2020-09-09T11:39:14.770Z",
    "date_modified": "2020-09-09T11:39:14.770Z",
    "categories": []
  }
},
{
  "model": "bussiness_post.bussinesspost",
  "pk": 123,
  "fields": {
    "bussiness": 30,
    "caption": "goodvision flat tv\ninch 24.. 220,000/=\ninch 25 double glass.. 240,000/=\ninch 32.. 310,000/=\nusafiri bure dar es salaam\npiga/whatsapp/text 0743689384",
    "active": true,
    "date_posted": "2020-09-09T11:58:38.145Z",
    "date_modified": "2020-09-09T11:58:38.145Z",
    "categories": []
  }
},
{
  "model": "bussiness_post.bussinesspost",
  "pk": 124,
  "fields": {
    "bussiness": 31,
    "caption": "Badili muonekano wa simu yako kwa sticker kaliii na za kijanja Kama hz kwa Gharama nafuu Sana!",
    "active": true,
    "date_posted": "2020-09-09T13:48:25.931Z",
    "date_modified": "2020-09-09T13:48:25.931Z",
    "categories": []
  }
},
{
  "model": "bussiness_post.bussinesspost",
  "pk": 125,
  "fields": {
    "bussiness": 31,
    "caption": "Boresha muonekano wa simu yako kwa kubandika stickers kalii toka @megastickerz",
    "active": true,
    "date_posted": "2020-09-09T13:50:04.039Z",
    "date_modified": "2020-09-09T13:50:04.039Z",
    "categories": []
  }
},
{
  "model": "bussiness_post.bussinesspost",
  "pk": 126,
  "fields": {
    "bussiness": 31,
    "caption": "Badili muonekano wa simu yako kwa kubandika stickers za kijanja Kama hz kwa Gharama nafuu Sana toka MEGASTICKERZ!",
    "active": true,
    "date_posted": "2020-09-09T13:51:12.201Z",
    "date_modified": "2020-09-09T13:51:12.201Z",
    "categories": []
  }
},
{
  "model": "bussiness_post.bussinesspost",
  "pk": 127,
  "fields": {
    "bussiness": 31,
    "caption": "Kwa mahitaji ya sticker na Cover za PC na smartphone Aina zote tuone MEGASTICKERZ Tukuhudumie! Gharama zetu ni nafuu Sana! \nKaribu!",
    "active": true,
    "date_posted": "2020-09-09T13:52:58.983Z",
    "date_modified": "2020-09-09T13:52:58.983Z",
    "categories": []
  }
},
{
  "model": "bussiness_post.bussinesspost",
  "pk": 128,
  "fields": {
    "bussiness": 31,
    "caption": "Sticker kaliii Kama hizi zinapatikana sehemu moja tu hapa mjini! MEGASTICKERZ! Bei ni sawa na bite tu!",
    "active": true,
    "date_posted": "2020-09-09T13:54:03.577Z",
    "date_modified": "2020-09-09T13:54:03.577Z",
    "categories": []
  }
},
{
  "model": "bussiness_post.bussinesspost",
  "pk": 129,
  "fields": {
    "bussiness": 31,
    "caption": "He umechoka kutumia makava Aina moja tu! Karibu MEGASTICKERZ ujipatie makava ya kipekee kabisa!",
    "active": true,
    "date_posted": "2020-09-09T13:55:33.251Z",
    "date_modified": "2020-09-09T13:55:33.251Z",
    "categories": []
  }
},
{
  "model": "bussiness_post.bussinesspost",
  "pk": 130,
  "fields": {
    "bussiness": 30,
    "caption": "boss flat tv inch 24\nLED TV\nHDMI PORT\u2705\nAV PORT\u2705\nVGA PORT\u2705\nUSB PORT\u2705\ntsh 250,000/= \npiga/whatsapp/text 0743689384\nusafiri buree dar es salaam",
    "active": true,
    "date_posted": "2020-09-09T16:49:28.454Z",
    "date_modified": "2020-09-09T16:49:28.454Z",
    "categories": []
  }
},
{
  "model": "bussiness_post.bussinesspost",
  "pk": 131,
  "fields": {
    "bussiness": 30,
    "caption": "GTM flat tv\nLED INCH 24\n4K ULTRA HD\nTSH 160,000/=\nPIGA/WHATSAPP 0743689384",
    "active": true,
    "date_posted": "2020-09-09T16:51:17.095Z",
    "date_modified": "2020-09-09T16:51:17.095Z",
    "categories": []
  }
},
{
  "model": "bussiness_post.bussinesspost",
  "pk": 132,
  "fields": {
    "bussiness": 30,
    "caption": "ubey na maisha flat tv\ninch 32 LED\nhdmi port\nvga port\nav port\nusb port\nusafiri bure dar es salaam\npiga/whatsapp/text 0743689384",
    "active": true,
    "date_posted": "2020-09-09T16:53:43.697Z",
    "date_modified": "2020-09-09T16:53:43.697Z",
    "categories": []
  }
},
{
  "model": "bussiness_post.bussinesspost",
  "pk": 133,
  "fields": {
    "bussiness": 24,
    "caption": "TV inch 17 kampun ya GTM ni 4k unaipata kwa tsh 140,000 tu tunapatikana kariakoo Mtaa wa msimbazi pia tunafanya delivery free kwa dar tuagize tukuletee mpaka nyumbani bure bila gharama Yoyote tupigie 0657870559",
    "active": true,
    "date_posted": "2020-09-09T16:56:31.020Z",
    "date_modified": "2020-09-09T16:56:31.020Z",
    "categories": []
  }
},
{
  "model": "bussiness_post.bussinesspost",
  "pk": 134,
  "fields": {
    "bussiness": 30,
    "caption": "flat tvs kwa bei powaa\nkuanzia inch 17 \nmpka 75 zote zipo\nbrand zote zinapatikana\ntupo kariakoo msimbazi\nndani ya dar tunakufikia mpaka mlangoni\ncall/whatsapp/text 0743689384 weka order yako sasa????????",
    "active": true,
    "date_posted": "2020-09-09T16:57:54.032Z",
    "date_modified": "2020-09-09T16:57:54.033Z",
    "categories": []
  }
},
{
  "model": "bussiness_post.bussinesspost",
  "pk": 135,
  "fields": {
    "bussiness": 21,
    "caption": "Good vision inch 32 \npicha nzuri sana\nbei ni 290000\nfree delivery in Dar es salaam\nContact 0753200323",
    "active": true,
    "date_posted": "2020-09-09T19:53:48.716Z",
    "date_modified": "2020-09-09T19:53:48.716Z",
    "categories": []
  }
},
{
  "model": "bussiness_post.bussinesspost",
  "pk": 136,
  "fields": {
    "bussiness": 19,
    "caption": "hizi kazi ukizijua unafanya kwa kujiamini, tupigie.0716743401",
    "active": true,
    "date_posted": "2020-09-10T05:32:00.375Z",
    "date_modified": "2020-09-10T05:32:00.375Z",
    "categories": []
  }
},
{
  "model": "bussiness_post.bussinesspost",
  "pk": 137,
  "fields": {
    "bussiness": 34,
    "caption": "50000 bei tunafanya delivery mikoani pia tunatuma\nsize 41 42 43 44 45",
    "active": true,
    "date_posted": "2020-09-10T12:58:09.786Z",
    "date_modified": "2020-09-10T13:04:45.674Z",
    "categories": []
  }
},
{
  "model": "bussiness_post.bussinesspost",
  "pk": 138,
  "fields": {
    "bussiness": 24,
    "caption": "Skyworth nchi 32 yenye king'amuzi ndani ni \nTZS 300,000\nIsiyo na king'amuzi TZS 280,000\nZote ni FULL HD\nZina tumia\nAV\nUSB\nHDMI\nVGA\nKwa Dar es Salaam utaletewa bure hadi nyumbani\nMikoani tunakutumia kwa uaminifu\nWasiliana nasi kwa namba 0657870559",
    "active": true,
    "date_posted": "2020-09-10T13:00:19.971Z",
    "date_modified": "2020-09-10T13:00:19.971Z",
    "categories": []
  }
},
{
  "model": "bussiness_post.bussinesspost",
  "pk": 139,
  "fields": {
    "bussiness": 34,
    "caption": "50000 bei tunafanya delivery mikoani tunatuma \n0784005857\nsize 41 42 43 44 45",
    "active": true,
    "date_posted": "2020-09-10T13:00:56.691Z",
    "date_modified": "2020-09-10T13:04:23.933Z",
    "categories": []
  }
},
{
  "model": "bussiness_post.bussinesspost",
  "pk": 140,
  "fields": {
    "bussiness": 34,
    "caption": "50000 bei tunafanya delivery mikoani pia tunatuma \n0784005857\nsize 41 42 43 44 45",
    "active": true,
    "date_posted": "2020-09-10T13:02:04.038Z",
    "date_modified": "2020-09-10T14:48:34.352Z",
    "categories": []
  }
},
{
  "model": "bussiness_post.bussinesspost",
  "pk": 141,
  "fields": {
    "bussiness": 34,
    "caption": "karibu",
    "active": false,
    "date_posted": "2020-09-10T13:35:46.715Z",
    "date_modified": "2020-09-10T13:36:01.449Z",
    "categories": []
  }
},
{
  "model": "bussiness_post.bussinesspost",
  "pk": 142,
  "fields": {
    "bussiness": 30,
    "caption": "zina bluetooth\nfm radio\naux mode\nflash/sd port\nutapewa 8gb flash buree\nno discount with flash\n... zipo na nyingine kibao..\ncall/whatsapp/text 0743689384",
    "active": true,
    "date_posted": "2020-09-10T17:12:07.388Z",
    "date_modified": "2020-09-10T17:12:07.388Z",
    "categories": []
  }
},
{
  "model": "bussiness_post.bussinesspost",
  "pk": 143,
  "fields": {
    "bussiness": 24,
    "caption": "tv flatscreen brand skyworth inch 43 kwa tsh 570,000 tu free delivery in dar call 0657870559",
    "active": true,
    "date_posted": "2020-09-10T17:19:49.897Z",
    "date_modified": "2020-09-10T17:19:49.897Z",
    "categories": []
  }
},
{
  "model": "bussiness_post.bussinesspost",
  "pk": 144,
  "fields": {
    "bussiness": 24,
    "caption": "GOODVISION TV\n21 @ 170000\n24 @ 200000\n25 @ 220000\n32 @ 290000\n32 @ 310000 double glass\n42 @ 540000 double glass\n50 @ 800000 4K SMART\n\nSOYI TV\n32 @ 290000\n32 @ 310000 double glass\n32 @ 360000 smart double\n42 @ 540000 double glass\n43 @ 680000 SMART DOUBLE\n50 @ 830000 SMART 4K\n65 @ 1.65m SMART 4K\n\nLYON TV\n24 @ 210000\n32 @ 280000\n\nBOSS TV\n24 @ 220000 double glass\n32 @ 340000 double glass\n\nTupo msimbazi kariakoo\nUkiagiza unaletewa bure kwa wakazi wa dar es salaam mkoani tunatuma \n\nMawasiliano 0657870559whatsap, sms or call",
    "active": true,
    "date_posted": "2020-09-10T19:25:58.356Z",
    "date_modified": "2020-09-10T19:25:58.356Z",
    "categories": []
  }
},
{
  "model": "bussiness_post.bussinesspost",
  "pk": 145,
  "fields": {
    "bussiness": 14,
    "caption": "kwa picha za nzuri za ndan..karibuni wote",
    "active": true,
    "date_posted": "2020-09-10T19:52:45.779Z",
    "date_modified": "2020-09-10T19:52:59.428Z",
    "categories": []
  }
},
{
  "model": "bussiness_post.bussinesspost",
  "pk": 146,
  "fields": {
    "bussiness": 14,
    "caption": "kwa art nzuri kama hii, wasiliana nasi",
    "active": true,
    "date_posted": "2020-09-10T19:53:52.204Z",
    "date_modified": "2020-09-10T19:53:52.204Z",
    "categories": []
  }
},
{
  "model": "bussiness_post.postimage",
  "pk": 13,
  "fields": {
    "post": 7,
    "filename": "post_pics/image_1_1598952265435.jpg"
  }
},
{
  "model": "bussiness_post.postimage",
  "pk": 14,
  "fields": {
    "post": 7,
    "filename": "post_pics/image_2_1598952265579.jpg"
  }
},
{
  "model": "bussiness_post.postimage",
  "pk": 15,
  "fields": {
    "post": 7,
    "filename": "post_pics/image_3_1598952265696.jpg"
  }
},
{
  "model": "bussiness_post.postimage",
  "pk": 16,
  "fields": {
    "post": 8,
    "filename": "post_pics/image_1_1598952729252.jpg"
  }
},
{
  "model": "bussiness_post.postimage",
  "pk": 17,
  "fields": {
    "post": 8,
    "filename": "post_pics/image_2_1598952729563.jpg"
  }
},
{
  "model": "bussiness_post.postimage",
  "pk": 18,
  "fields": {
    "post": 8,
    "filename": "post_pics/image_3_1598952729659.jpg"
  }
},
{
  "model": "bussiness_post.postimage",
  "pk": 19,
  "fields": {
    "post": 9,
    "filename": "post_pics/image_1_1598952889539.jpg"
  }
},
{
  "model": "bussiness_post.postimage",
  "pk": 20,
  "fields": {
    "post": 9,
    "filename": "post_pics/image_2_1598952889947.jpg"
  }
},
{
  "model": "bussiness_post.postimage",
  "pk": 21,
  "fields": {
    "post": 10,
    "filename": "post_pics/image_1_1598953031694.jpg"
  }
},
{
  "model": "bussiness_post.postimage",
  "pk": 22,
  "fields": {
    "post": 10,
    "filename": "post_pics/image_2_1598953032007.jpg"
  }
},
{
  "model": "bussiness_post.postimage",
  "pk": 23,
  "fields": {
    "post": 10,
    "filename": "post_pics/image_3_1598953032632.jpg"
  }
},
{
  "model": "bussiness_post.postimage",
  "pk": 24,
  "fields": {
    "post": 11,
    "filename": "post_pics/image_1_1598953240789.jpg"
  }
},
{
  "model": "bussiness_post.postimage",
  "pk": 25,
  "fields": {
    "post": 11,
    "filename": "post_pics/image_2_1598953240983.jpg"
  }
},
{
  "model": "bussiness_post.postimage",
  "pk": 26,
  "fields": {
    "post": 12,
    "filename": "post_pics/image_1_1598953453112.jpg"
  }
},
{
  "model": "bussiness_post.postimage",
  "pk": 27,
  "fields": {
    "post": 12,
    "filename": "post_pics/image_2_1598953453519.jpg"
  }
},
{
  "model": "bussiness_post.postimage",
  "pk": 28,
  "fields": {
    "post": 12,
    "filename": "post_pics/image_3_1598953453805.jpg"
  }
},
{
  "model": "bussiness_post.postimage",
  "pk": 29,
  "fields": {
    "post": 13,
    "filename": "post_pics/image_1_1598953718473.jpg"
  }
},
{
  "model": "bussiness_post.postimage",
  "pk": 30,
  "fields": {
    "post": 13,
    "filename": "post_pics/image_2_1598953718876.jpg"
  }
},
{
  "model": "bussiness_post.postimage",
  "pk": 31,
  "fields": {
    "post": 13,
    "filename": "post_pics/image_3_1598953719162.jpg"
  }
},
{
  "model": "bussiness_post.postimage",
  "pk": 32,
  "fields": {
    "post": 14,
    "filename": "post_pics/image_1_1598954058987.jpg"
  }
},
{
  "model": "bussiness_post.postimage",
  "pk": 33,
  "fields": {
    "post": 14,
    "filename": "post_pics/image_2_1598954059317.jpg"
  }
},
{
  "model": "bussiness_post.postimage",
  "pk": 34,
  "fields": {
    "post": 14,
    "filename": "post_pics/image_3_1598954059488.jpg"
  }
},
{
  "model": "bussiness_post.postimage",
  "pk": 35,
  "fields": {
    "post": 14,
    "filename": "post_pics/image_4_1598954059755.jpg"
  }
},
{
  "model": "bussiness_post.postimage",
  "pk": 36,
  "fields": {
    "post": 15,
    "filename": "post_pics/image_1_1598954259260.jpg"
  }
},
{
  "model": "bussiness_post.postimage",
  "pk": 37,
  "fields": {
    "post": 15,
    "filename": "post_pics/image_2_1598954259587.jpg"
  }
},
{
  "model": "bussiness_post.postimage",
  "pk": 38,
  "fields": {
    "post": 15,
    "filename": "post_pics/image_3_1598954259813.jpg"
  }
},
{
  "model": "bussiness_post.postimage",
  "pk": 39,
  "fields": {
    "post": 16,
    "filename": "post_pics/image_1_1598954422146.jpg"
  }
},
{
  "model": "bussiness_post.postimage",
  "pk": 40,
  "fields": {
    "post": 16,
    "filename": "post_pics/image_2_1598954422565.jpg"
  }
},
{
  "model": "bussiness_post.postimage",
  "pk": 41,
  "fields": {
    "post": 16,
    "filename": "post_pics/image_3_1598954422737.jpg"
  }
},
{
  "model": "bussiness_post.postimage",
  "pk": 42,
  "fields": {
    "post": 17,
    "filename": "post_pics/image_1_1598954631857.jpg"
  }
},
{
  "model": "bussiness_post.postimage",
  "pk": 43,
  "fields": {
    "post": 17,
    "filename": "post_pics/image_2_1598954631992.jpg"
  }
},
{
  "model": "bussiness_post.postimage",
  "pk": 44,
  "fields": {
    "post": 18,
    "filename": "post_pics/image_1_1598954760941.jpg"
  }
},
{
  "model": "bussiness_post.postimage",
  "pk": 45,
  "fields": {
    "post": 18,
    "filename": "post_pics/image_2_1598954761280.jpg"
  }
},
{
  "model": "bussiness_post.postimage",
  "pk": 46,
  "fields": {
    "post": 19,
    "filename": "post_pics/image_1_1598955350905.jpg"
  }
},
{
  "model": "bussiness_post.postimage",
  "pk": 47,
  "fields": {
    "post": 19,
    "filename": "post_pics/image_2_1598955351248.jpg"
  }
},
{
  "model": "bussiness_post.postimage",
  "pk": 48,
  "fields": {
    "post": 19,
    "filename": "post_pics/image_3_1598955351513.jpg"
  }
},
{
  "model": "bussiness_post.postimage",
  "pk": 49,
  "fields": {
    "post": 20,
    "filename": "post_pics/image_1_1598955591304.jpg"
  }
},
{
  "model": "bussiness_post.postimage",
  "pk": 50,
  "fields": {
    "post": 21,
    "filename": "post_pics/image_1_1598955907850.jpg"
  }
},
{
  "model": "bussiness_post.postimage",
  "pk": 51,
  "fields": {
    "post": 21,
    "filename": "post_pics/image_2_1598955908123.jpg"
  }
},
{
  "model": "bussiness_post.postimage",
  "pk": 52,
  "fields": {
    "post": 22,
    "filename": "post_pics/image_1_1598956287674.jpg"
  }
},
{
  "model": "bussiness_post.postimage",
  "pk": 53,
  "fields": {
    "post": 22,
    "filename": "post_pics/image_2_1598956287838.jpg"
  }
},
{
  "model": "bussiness_post.postimage",
  "pk": 54,
  "fields": {
    "post": 22,
    "filename": "post_pics/image_3_1598956287968.jpg"
  }
},
{
  "model": "bussiness_post.postimage",
  "pk": 55,
  "fields": {
    "post": 23,
    "filename": "post_pics/image_1_1598956466978.jpg"
  }
},
{
  "model": "bussiness_post.postimage",
  "pk": 56,
  "fields": {
    "post": 23,
    "filename": "post_pics/image_2_1598956467307.jpg"
  }
},
{
  "model": "bussiness_post.postimage",
  "pk": 57,
  "fields": {
    "post": 23,
    "filename": "post_pics/image_3_1598956467614.jpg"
  }
},
{
  "model": "bussiness_post.postimage",
  "pk": 58,
  "fields": {
    "post": 24,
    "filename": "post_pics/image_1_1598956715554.jpg"
  }
},
{
  "model": "bussiness_post.postimage",
  "pk": 59,
  "fields": {
    "post": 24,
    "filename": "post_pics/image_2_1598956715806.jpg"
  }
},
{
  "model": "bussiness_post.postimage",
  "pk": 60,
  "fields": {
    "post": 24,
    "filename": "post_pics/image_3_1598956716011.jpg"
  }
},
{
  "model": "bussiness_post.postimage",
  "pk": 61,
  "fields": {
    "post": 25,
    "filename": "post_pics/image_1_1598956903019.jpg"
  }
},
{
  "model": "bussiness_post.postimage",
  "pk": 62,
  "fields": {
    "post": 25,
    "filename": "post_pics/image_2_1598956903363.jpg"
  }
},
{
  "model": "bussiness_post.postimage",
  "pk": 63,
  "fields": {
    "post": 26,
    "filename": "post_pics/image_1_1598970926232.jpg"
  }
},
{
  "model": "bussiness_post.postimage",
  "pk": 64,
  "fields": {
    "post": 26,
    "filename": "post_pics/image_2_1598970926402.jpg"
  }
},
{
  "model": "bussiness_post.postimage",
  "pk": 65,
  "fields": {
    "post": 26,
    "filename": "post_pics/image_3_1598970926616.jpg"
  }
},
{
  "model": "bussiness_post.postimage",
  "pk": 66,
  "fields": {
    "post": 27,
    "filename": "post_pics/image_1_1598971318871.jpg"
  }
},
{
  "model": "bussiness_post.postimage",
  "pk": 67,
  "fields": {
    "post": 27,
    "filename": "post_pics/image_2_1598971319312.jpg"
  }
},
{
  "model": "bussiness_post.postimage",
  "pk": 68,
  "fields": {
    "post": 28,
    "filename": "post_pics/image_1_1598975953933.jpg"
  }
},
{
  "model": "bussiness_post.postimage",
  "pk": 69,
  "fields": {
    "post": 28,
    "filename": "post_pics/image_2_1598975955292.jpg"
  }
},
{
  "model": "bussiness_post.postimage",
  "pk": 70,
  "fields": {
    "post": 28,
    "filename": "post_pics/image_3_1598975956500.jpg"
  }
},
{
  "model": "bussiness_post.postimage",
  "pk": 71,
  "fields": {
    "post": 28,
    "filename": "post_pics/image_4_1598975957825.jpg"
  }
},
{
  "model": "bussiness_post.postimage",
  "pk": 72,
  "fields": {
    "post": 28,
    "filename": "post_pics/image_5_1598975959083.jpg"
  }
},
{
  "model": "bussiness_post.postimage",
  "pk": 73,
  "fields": {
    "post": 28,
    "filename": "post_pics/image_6_1598975960290.jpg"
  }
},
{
  "model": "bussiness_post.postimage",
  "pk": 74,
  "fields": {
    "post": 28,
    "filename": "post_pics/image_7_1598975961473.jpg"
  }
},
{
  "model": "bussiness_post.postimage",
  "pk": 75,
  "fields": {
    "post": 28,
    "filename": "post_pics/image_8_1598975962634.jpg"
  }
},
{
  "model": "bussiness_post.postimage",
  "pk": 76,
  "fields": {
    "post": 29,
    "filename": "post_pics/image_1_1598976807326.jpg"
  }
},
{
  "model": "bussiness_post.postimage",
  "pk": 77,
  "fields": {
    "post": 29,
    "filename": "post_pics/image_2_1598976807468.jpg"
  }
},
{
  "model": "bussiness_post.postimage",
  "pk": 78,
  "fields": {
    "post": 29,
    "filename": "post_pics/image_3_1598976807608.jpg"
  }
},
{
  "model": "bussiness_post.postimage",
  "pk": 79,
  "fields": {
    "post": 29,
    "filename": "post_pics/image_4_1598976807756.jpg"
  }
},
{
  "model": "bussiness_post.postimage",
  "pk": 80,
  "fields": {
    "post": 29,
    "filename": "post_pics/image_5_1598976807898.jpg"
  }
},
{
  "model": "bussiness_post.postimage",
  "pk": 81,
  "fields": {
    "post": 29,
    "filename": "post_pics/image_6_1598976808016.jpg"
  }
},
{
  "model": "bussiness_post.postimage",
  "pk": 82,
  "fields": {
    "post": 29,
    "filename": "post_pics/image_7_1598976808149.jpg"
  }
},
{
  "model": "bussiness_post.postimage",
  "pk": 83,
  "fields": {
    "post": 29,
    "filename": "post_pics/image_8_1598976808282.jpg"
  }
},
{
  "model": "bussiness_post.postimage",
  "pk": 84,
  "fields": {
    "post": 29,
    "filename": "post_pics/image_9_1598976808404.jpg"
  }
},
{
  "model": "bussiness_post.postimage",
  "pk": 85,
  "fields": {
    "post": 29,
    "filename": "post_pics/image_10_1598976808535.jpg"
  }
},
{
  "model": "bussiness_post.postimage",
  "pk": 86,
  "fields": {
    "post": 30,
    "filename": "post_pics/image_1_1598977320397.jpg"
  }
},
{
  "model": "bussiness_post.postimage",
  "pk": 87,
  "fields": {
    "post": 30,
    "filename": "post_pics/image_2_1598977325216.jpg"
  }
},
{
  "model": "bussiness_post.postimage",
  "pk": 88,
  "fields": {
    "post": 30,
    "filename": "post_pics/image_3_1598977326016.jpg"
  }
},
{
  "model": "bussiness_post.postimage",
  "pk": 89,
  "fields": {
    "post": 30,
    "filename": "post_pics/image_4_1598977327397.jpg"
  }
},
{
  "model": "bussiness_post.postimage",
  "pk": 90,
  "fields": {
    "post": 30,
    "filename": "post_pics/image_5_1598977328696.jpg"
  }
},
{
  "model": "bussiness_post.postimage",
  "pk": 91,
  "fields": {
    "post": 30,
    "filename": "post_pics/image_6_1598977332025.jpg"
  }
},
{
  "model": "bussiness_post.postimage",
  "pk": 92,
  "fields": {
    "post": 31,
    "filename": "post_pics/image_1_1598978048172.jpg"
  }
},
{
  "model": "bussiness_post.postimage",
  "pk": 93,
  "fields": {
    "post": 31,
    "filename": "post_pics/image_2_1598978048379.jpg"
  }
},
{
  "model": "bussiness_post.postimage",
  "pk": 94,
  "fields": {
    "post": 31,
    "filename": "post_pics/image_3_1598978048541.jpg"
  }
},
{
  "model": "bussiness_post.postimage",
  "pk": 95,
  "fields": {
    "post": 31,
    "filename": "post_pics/image_4_1598978048693.jpg"
  }
},
{
  "model": "bussiness_post.postimage",
  "pk": 96,
  "fields": {
    "post": 31,
    "filename": "post_pics/image_5_1598978048812.jpg"
  }
},
{
  "model": "bussiness_post.postimage",
  "pk": 97,
  "fields": {
    "post": 31,
    "filename": "post_pics/image_6_1598978050984.jpg"
  }
},
{
  "model": "bussiness_post.postimage",
  "pk": 98,
  "fields": {
    "post": 31,
    "filename": "post_pics/image_7_1598978051116.jpg"
  }
},
{
  "model": "bussiness_post.postimage",
  "pk": 99,
  "fields": {
    "post": 31,
    "filename": "post_pics/image_8_1598978051249.jpg"
  }
},
{
  "model": "bussiness_post.postimage",
  "pk": 100,
  "fields": {
    "post": 31,
    "filename": "post_pics/image_9_1598978051397.jpg"
  }
},
{
  "model": "bussiness_post.postimage",
  "pk": 101,
  "fields": {
    "post": 31,
    "filename": "post_pics/image_10_1598978051578.jpg"
  }
},
{
  "model": "bussiness_post.postimage",
  "pk": 102,
  "fields": {
    "post": 32,
    "filename": "post_pics/image_1_1598978249823.jpg"
  }
},
{
  "model": "bussiness_post.postimage",
  "pk": 103,
  "fields": {
    "post": 33,
    "filename": "post_pics/image_1_1598978344516.jpg"
  }
},
{
  "model": "bussiness_post.postimage",
  "pk": 104,
  "fields": {
    "post": 34,
    "filename": "post_pics/image_1_1598978482745.jpg"
  }
},
{
  "model": "bussiness_post.postimage",
  "pk": 105,
  "fields": {
    "post": 35,
    "filename": "post_pics/image_1_1598978527366.jpg"
  }
},
{
  "model": "bussiness_post.postimage",
  "pk": 106,
  "fields": {
    "post": 36,
    "filename": "post_pics/image_1_1598978537321.jpg"
  }
},
{
  "model": "bussiness_post.postimage",
  "pk": 107,
  "fields": {
    "post": 36,
    "filename": "post_pics/image_2_1598978537602.jpg"
  }
},
{
  "model": "bussiness_post.postimage",
  "pk": 108,
  "fields": {
    "post": 36,
    "filename": "post_pics/image_3_1598978537772.jpg"
  }
},
{
  "model": "bussiness_post.postimage",
  "pk": 109,
  "fields": {
    "post": 37,
    "filename": "post_pics/image_1_1598978878417.jpg"
  }
},
{
  "model": "bussiness_post.postimage",
  "pk": 110,
  "fields": {
    "post": 37,
    "filename": "post_pics/image_2_1598978879272.jpg"
  }
},
{
  "model": "bussiness_post.postimage",
  "pk": 111,
  "fields": {
    "post": 37,
    "filename": "post_pics/image_3_1598978879724.jpg"
  }
},
{
  "model": "bussiness_post.postimage",
  "pk": 112,
  "fields": {
    "post": 37,
    "filename": "post_pics/image_4_1598978879936.jpg"
  }
},
{
  "model": "bussiness_post.postimage",
  "pk": 113,
  "fields": {
    "post": 38,
    "filename": "post_pics/image_1_1599030599005.jpg"
  }
},
{
  "model": "bussiness_post.postimage",
  "pk": 114,
  "fields": {
    "post": 38,
    "filename": "post_pics/image_2_1599030599459.jpg"
  }
},
{
  "model": "bussiness_post.postimage",
  "pk": 115,
  "fields": {
    "post": 38,
    "filename": "post_pics/image_3_1599030599749.jpg"
  }
},
{
  "model": "bussiness_post.postimage",
  "pk": 116,
  "fields": {
    "post": 38,
    "filename": "post_pics/image_4_1599030600052.jpg"
  }
},
{
  "model": "bussiness_post.postimage",
  "pk": 117,
  "fields": {
    "post": 38,
    "filename": "post_pics/image_5_1599030600371.jpg"
  }
},
{
  "model": "bussiness_post.postimage",
  "pk": 118,
  "fields": {
    "post": 38,
    "filename": "post_pics/image_6_1599030600659.jpg"
  }
},
{
  "model": "bussiness_post.postimage",
  "pk": 119,
  "fields": {
    "post": 38,
    "filename": "post_pics/image_7_1599030601002.jpg"
  }
},
{
  "model": "bussiness_post.postimage",
  "pk": 120,
  "fields": {
    "post": 39,
    "filename": "post_pics/image_1_1599031840563.jpg"
  }
},
{
  "model": "bussiness_post.postimage",
  "pk": 121,
  "fields": {
    "post": 39,
    "filename": "post_pics/image_2_1599031840945.jpg"
  }
},
{
  "model": "bussiness_post.postimage",
  "pk": 122,
  "fields": {
    "post": 39,
    "filename": "post_pics/image_3_1599031841194.jpg"
  }
},
{
  "model": "bussiness_post.postimage",
  "pk": 123,
  "fields": {
    "post": 39,
    "filename": "post_pics/image_4_1599031841433.jpg"
  }
},
{
  "model": "bussiness_post.postimage",
  "pk": 124,
  "fields": {
    "post": 39,
    "filename": "post_pics/image_5_1599031841675.jpg"
  }
},
{
  "model": "bussiness_post.postimage",
  "pk": 125,
  "fields": {
    "post": 39,
    "filename": "post_pics/image_6_1599031841909.jpg"
  }
},
{
  "model": "bussiness_post.postimage",
  "pk": 126,
  "fields": {
    "post": 39,
    "filename": "post_pics/image_7_1599031842166.jpg"
  }
},
{
  "model": "bussiness_post.postimage",
  "pk": 127,
  "fields": {
    "post": 39,
    "filename": "post_pics/image_8_1599031842435.jpg"
  }
},
{
  "model": "bussiness_post.postimage",
  "pk": 128,
  "fields": {
    "post": 40,
    "filename": "post_pics/image_1_1599040675802.jpg"
  }
},
{
  "model": "bussiness_post.postimage",
  "pk": 129,
  "fields": {
    "post": 41,
    "filename": "post_pics/image_1_1599040805202.jpg"
  }
},
{
  "model": "bussiness_post.postimage",
  "pk": 130,
  "fields": {
    "post": 41,
    "filename": "post_pics/image_2_1599040805366.jpg"
  }
},
{
  "model": "bussiness_post.postimage",
  "pk": 131,
  "fields": {
    "post": 42,
    "filename": "post_pics/image_1_1599040891005.jpg"
  }
},
{
  "model": "bussiness_post.postimage",
  "pk": 132,
  "fields": {
    "post": 42,
    "filename": "post_pics/image_2_1599040891232.jpg"
  }
},
{
  "model": "bussiness_post.postimage",
  "pk": 133,
  "fields": {
    "post": 42,
    "filename": "post_pics/image_3_1599040891361.jpg"
  }
},
{
  "model": "bussiness_post.postimage",
  "pk": 134,
  "fields": {
    "post": 42,
    "filename": "post_pics/image_4_1599040891809.jpg"
  }
},
{
  "model": "bussiness_post.postimage",
  "pk": 135,
  "fields": {
    "post": 42,
    "filename": "post_pics/image_5_1599040892018.jpg"
  }
},
{
  "model": "bussiness_post.postimage",
  "pk": 139,
  "fields": {
    "post": 44,
    "filename": "post_pics/image_1_1599041058374.jpg"
  }
},
{
  "model": "bussiness_post.postimage",
  "pk": 140,
  "fields": {
    "post": 45,
    "filename": "post_pics/image_1_1599046108616.jpg"
  }
},
{
  "model": "bussiness_post.postimage",
  "pk": 141,
  "fields": {
    "post": 45,
    "filename": "post_pics/image_2_1599046109035.jpg"
  }
},
{
  "model": "bussiness_post.postimage",
  "pk": 142,
  "fields": {
    "post": 45,
    "filename": "post_pics/image_3_1599046109194.jpg"
  }
},
{
  "model": "bussiness_post.postimage",
  "pk": 143,
  "fields": {
    "post": 45,
    "filename": "post_pics/image_4_1599046109460.jpg"
  }
},
{
  "model": "bussiness_post.postimage",
  "pk": 144,
  "fields": {
    "post": 45,
    "filename": "post_pics/image_5_1599046109740.jpg"
  }
},
{
  "model": "bussiness_post.postimage",
  "pk": 145,
  "fields": {
    "post": 45,
    "filename": "post_pics/image_6_1599046110238.jpg"
  }
},
{
  "model": "bussiness_post.postimage",
  "pk": 146,
  "fields": {
    "post": 45,
    "filename": "post_pics/image_7_1599046110528.jpg"
  }
},
{
  "model": "bussiness_post.postimage",
  "pk": 147,
  "fields": {
    "post": 45,
    "filename": "post_pics/image_8_1599046110878.jpg"
  }
},
{
  "model": "bussiness_post.postimage",
  "pk": 148,
  "fields": {
    "post": 45,
    "filename": "post_pics/image_9_1599046111222.jpg"
  }
},
{
  "model": "bussiness_post.postimage",
  "pk": 149,
  "fields": {
    "post": 45,
    "filename": "post_pics/image_10_1599046111739.jpg"
  }
},
{
  "model": "bussiness_post.postimage",
  "pk": 150,
  "fields": {
    "post": 46,
    "filename": "post_pics/image_1_1599047787873.jpg"
  }
},
{
  "model": "bussiness_post.postimage",
  "pk": 151,
  "fields": {
    "post": 46,
    "filename": "post_pics/image_2_1599047788371.jpg"
  }
},
{
  "model": "bussiness_post.postimage",
  "pk": 152,
  "fields": {
    "post": 46,
    "filename": "post_pics/image_3_1599047788639.jpg"
  }
},
{
  "model": "bussiness_post.postimage",
  "pk": 153,
  "fields": {
    "post": 46,
    "filename": "post_pics/image_4_1599047788802.jpg"
  }
},
{
  "model": "bussiness_post.postimage",
  "pk": 154,
  "fields": {
    "post": 47,
    "filename": "post_pics/image_1_1599047878052.jpg"
  }
},
{
  "model": "bussiness_post.postimage",
  "pk": 155,
  "fields": {
    "post": 47,
    "filename": "post_pics/image_2_1599047878563.jpg"
  }
},
{
  "model": "bussiness_post.postimage",
  "pk": 156,
  "fields": {
    "post": 48,
    "filename": "post_pics/image_1_1599053174281.jpg"
  }
},
{
  "model": "bussiness_post.postimage",
  "pk": 157,
  "fields": {
    "post": 48,
    "filename": "post_pics/image_2_1599053176625.jpg"
  }
},
{
  "model": "bussiness_post.postimage",
  "pk": 158,
  "fields": {
    "post": 48,
    "filename": "post_pics/image_3_1599053177164.jpg"
  }
},
{
  "model": "bussiness_post.postimage",
  "pk": 159,
  "fields": {
    "post": 48,
    "filename": "post_pics/image_4_1599053177616.jpg"
  }
},
{
  "model": "bussiness_post.postimage",
  "pk": 160,
  "fields": {
    "post": 48,
    "filename": "post_pics/image_5_1599053178089.jpg"
  }
},
{
  "model": "bussiness_post.postimage",
  "pk": 161,
  "fields": {
    "post": 48,
    "filename": "post_pics/image_6_1599053178546.jpg"
  }
},
{
  "model": "bussiness_post.postimage",
  "pk": 162,
  "fields": {
    "post": 48,
    "filename": "post_pics/image_7_1599053179043.jpg"
  }
},
{
  "model": "bussiness_post.postimage",
  "pk": 163,
  "fields": {
    "post": 48,
    "filename": "post_pics/image_8_1599053179495.jpg"
  }
},
{
  "model": "bussiness_post.postimage",
  "pk": 164,
  "fields": {
    "post": 48,
    "filename": "post_pics/image_9_1599053180037.jpg"
  }
},
{
  "model": "bussiness_post.postimage",
  "pk": 165,
  "fields": {
    "post": 48,
    "filename": "post_pics/image_10_1599053180380.jpg"
  }
},
{
  "model": "bussiness_post.postimage",
  "pk": 166,
  "fields": {
    "post": 49,
    "filename": "post_pics/image_1_1599064944676.jpg"
  }
},
{
  "model": "bussiness_post.postimage",
  "pk": 167,
  "fields": {
    "post": 50,
    "filename": "post_pics/image_1_1599101312749.jpg"
  }
},
{
  "model": "bussiness_post.postimage",
  "pk": 168,
  "fields": {
    "post": 50,
    "filename": "post_pics/image_2_1599101312846.jpg"
  }
},
{
  "model": "bussiness_post.postimage",
  "pk": 169,
  "fields": {
    "post": 50,
    "filename": "post_pics/image_3_1599101312952.jpg"
  }
},
{
  "model": "bussiness_post.postimage",
  "pk": 170,
  "fields": {
    "post": 50,
    "filename": "post_pics/image_4_1599101313061.jpg"
  }
},
{
  "model": "bussiness_post.postimage",
  "pk": 171,
  "fields": {
    "post": 50,
    "filename": "post_pics/image_5_1599101313179.jpg"
  }
},
{
  "model": "bussiness_post.postimage",
  "pk": 172,
  "fields": {
    "post": 50,
    "filename": "post_pics/image_6_1599101313265.jpg"
  }
},
{
  "model": "bussiness_post.postimage",
  "pk": 173,
  "fields": {
    "post": 50,
    "filename": "post_pics/image_7_1599101313329.jpg"
  }
},
{
  "model": "bussiness_post.postimage",
  "pk": 174,
  "fields": {
    "post": 50,
    "filename": "post_pics/image_8_1599101313399.jpg"
  }
},
{
  "model": "bussiness_post.postimage",
  "pk": 175,
  "fields": {
    "post": 51,
    "filename": "post_pics/image_1_1599101408701.jpg"
  }
},
{
  "model": "bussiness_post.postimage",
  "pk": 176,
  "fields": {
    "post": 51,
    "filename": "post_pics/image_2_1599101408778.jpg"
  }
},
{
  "model": "bussiness_post.postimage",
  "pk": 177,
  "fields": {
    "post": 51,
    "filename": "post_pics/image_3_1599101408841.jpg"
  }
},
{
  "model": "bussiness_post.postimage",
  "pk": 178,
  "fields": {
    "post": 51,
    "filename": "post_pics/image_4_1599101408907.jpg"
  }
},
{
  "model": "bussiness_post.postimage",
  "pk": 179,
  "fields": {
    "post": 51,
    "filename": "post_pics/image_5_1599101409022.jpg"
  }
},
{
  "model": "bussiness_post.postimage",
  "pk": 180,
  "fields": {
    "post": 52,
    "filename": "post_pics/image_1_1599141873634.jpg"
  }
},
{
  "model": "bussiness_post.postimage",
  "pk": 181,
  "fields": {
    "post": 52,
    "filename": "post_pics/image_2_1599141873819.jpg"
  }
},
{
  "model": "bussiness_post.postimage",
  "pk": 182,
  "fields": {
    "post": 52,
    "filename": "post_pics/image_3_1599141874353.jpg"
  }
},
{
  "model": "bussiness_post.postimage",
  "pk": 183,
  "fields": {
    "post": 53,
    "filename": "post_pics/image_1_1599141910120.jpg"
  }
},
{
  "model": "bussiness_post.postimage",
  "pk": 184,
  "fields": {
    "post": 54,
    "filename": "post_pics/image_1_1599142468894.jpg"
  }
},
{
  "model": "bussiness_post.postimage",
  "pk": 185,
  "fields": {
    "post": 55,
    "filename": "post_pics/image_1_1599142499797.jpg"
  }
},
{
  "model": "bussiness_post.postimage",
  "pk": 186,
  "fields": {
    "post": 56,
    "filename": "post_pics/image_1_1599142596472.jpg"
  }
},
{
  "model": "bussiness_post.postimage",
  "pk": 187,
  "fields": {
    "post": 57,
    "filename": "post_pics/image_1_1599210303895.jpg"
  }
},
{
  "model": "bussiness_post.postimage",
  "pk": 188,
  "fields": {
    "post": 57,
    "filename": "post_pics/image_2_1599210308765.jpg"
  }
},
{
  "model": "bussiness_post.postimage",
  "pk": 189,
  "fields": {
    "post": 57,
    "filename": "post_pics/image_3_1599210309227.jpg"
  }
},
{
  "model": "bussiness_post.postimage",
  "pk": 190,
  "fields": {
    "post": 57,
    "filename": "post_pics/image_4_1599210309646.jpg"
  }
},
{
  "model": "bussiness_post.postimage",
  "pk": 191,
  "fields": {
    "post": 57,
    "filename": "post_pics/image_5_1599210310087.jpg"
  }
},
{
  "model": "bussiness_post.postimage",
  "pk": 192,
  "fields": {
    "post": 57,
    "filename": "post_pics/image_6_1599210310324.jpg"
  }
},
{
  "model": "bussiness_post.postimage",
  "pk": 193,
  "fields": {
    "post": 57,
    "filename": "post_pics/image_7_1599210310695.jpg"
  }
},
{
  "model": "bussiness_post.postimage",
  "pk": 194,
  "fields": {
    "post": 58,
    "filename": "post_pics/image_1_1599226784275.jpg"
  }
},
{
  "model": "bussiness_post.postimage",
  "pk": 195,
  "fields": {
    "post": 58,
    "filename": "post_pics/image_2_1599226784505.jpg"
  }
},
{
  "model": "bussiness_post.postimage",
  "pk": 196,
  "fields": {
    "post": 58,
    "filename": "post_pics/image_3_1599226784719.jpg"
  }
},
{
  "model": "bussiness_post.postimage",
  "pk": 197,
  "fields": {
    "post": 59,
    "filename": "post_pics/image_1_1599227186635.jpg"
  }
},
{
  "model": "bussiness_post.postimage",
  "pk": 198,
  "fields": {
    "post": 59,
    "filename": "post_pics/image_2_1599227186869.jpg"
  }
},
{
  "model": "bussiness_post.postimage",
  "pk": 199,
  "fields": {
    "post": 59,
    "filename": "post_pics/image_3_1599227187077.jpg"
  }
},
{
  "model": "bussiness_post.postimage",
  "pk": 200,
  "fields": {
    "post": 59,
    "filename": "post_pics/image_4_1599227187242.jpg"
  }
},
{
  "model": "bussiness_post.postimage",
  "pk": 201,
  "fields": {
    "post": 59,
    "filename": "post_pics/image_5_1599227187413.jpg"
  }
},
{
  "model": "bussiness_post.postimage",
  "pk": 202,
  "fields": {
    "post": 59,
    "filename": "post_pics/image_6_1599227187621.jpg"
  }
},
{
  "model": "bussiness_post.postimage",
  "pk": 203,
  "fields": {
    "post": 59,
    "filename": "post_pics/image_7_1599227187756.jpg"
  }
},
{
  "model": "bussiness_post.postimage",
  "pk": 204,
  "fields": {
    "post": 59,
    "filename": "post_pics/image_8_1599227187875.jpg"
  }
},
{
  "model": "bussiness_post.postimage",
  "pk": 205,
  "fields": {
    "post": 59,
    "filename": "post_pics/image_9_1599227187996.jpg"
  }
},
{
  "model": "bussiness_post.postimage",
  "pk": 206,
  "fields": {
    "post": 59,
    "filename": "post_pics/image_10_1599227188112.jpg"
  }
},
{
  "model": "bussiness_post.postimage",
  "pk": 207,
  "fields": {
    "post": 60,
    "filename": "post_pics/image_1_1599227388141.jpg"
  }
},
{
  "model": "bussiness_post.postimage",
  "pk": 208,
  "fields": {
    "post": 61,
    "filename": "post_pics/image_1_1599227435479.jpg"
  }
},
{
  "model": "bussiness_post.postimage",
  "pk": 209,
  "fields": {
    "post": 61,
    "filename": "post_pics/image_2_1599227435720.jpg"
  }
},
{
  "model": "bussiness_post.postimage",
  "pk": 210,
  "fields": {
    "post": 61,
    "filename": "post_pics/image_3_1599227435872.jpg"
  }
},
{
  "model": "bussiness_post.postimage",
  "pk": 211,
  "fields": {
    "post": 61,
    "filename": "post_pics/image_4_1599227436050.jpg"
  }
},
{
  "model": "bussiness_post.postimage",
  "pk": 212,
  "fields": {
    "post": 61,
    "filename": "post_pics/image_5_1599227436177.jpg"
  }
},
{
  "model": "bussiness_post.postimage",
  "pk": 213,
  "fields": {
    "post": 61,
    "filename": "post_pics/image_6_1599227436351.jpg"
  }
},
{
  "model": "bussiness_post.postimage",
  "pk": 214,
  "fields": {
    "post": 62,
    "filename": "post_pics/image_1_1599227552299.jpg"
  }
},
{
  "model": "bussiness_post.postimage",
  "pk": 215,
  "fields": {
    "post": 62,
    "filename": "post_pics/image_2_1599227552519.jpg"
  }
},
{
  "model": "bussiness_post.postimage",
  "pk": 216,
  "fields": {
    "post": 63,
    "filename": "post_pics/image_1_1599228181773.jpg"
  }
},
{
  "model": "bussiness_post.postimage",
  "pk": 217,
  "fields": {
    "post": 63,
    "filename": "post_pics/image_2_1599228181987.jpg"
  }
},
{
  "model": "bussiness_post.postimage",
  "pk": 218,
  "fields": {
    "post": 63,
    "filename": "post_pics/image_3_1599228182118.jpg"
  }
},
{
  "model": "bussiness_post.postimage",
  "pk": 219,
  "fields": {
    "post": 63,
    "filename": "post_pics/image_4_1599228182248.jpg"
  }
},
{
  "model": "bussiness_post.postimage",
  "pk": 220,
  "fields": {
    "post": 63,
    "filename": "post_pics/image_5_1599228182389.jpg"
  }
},
{
  "model": "bussiness_post.postimage",
  "pk": 221,
  "fields": {
    "post": 63,
    "filename": "post_pics/image_6_1599228182518.jpg"
  }
},
{
  "model": "bussiness_post.postimage",
  "pk": 222,
  "fields": {
    "post": 63,
    "filename": "post_pics/image_7_1599228182655.jpg"
  }
},
{
  "model": "bussiness_post.postimage",
  "pk": 223,
  "fields": {
    "post": 63,
    "filename": "post_pics/image_8_1599228182768.jpg"
  }
},
{
  "model": "bussiness_post.postimage",
  "pk": 224,
  "fields": {
    "post": 63,
    "filename": "post_pics/image_9_1599228182892.jpg"
  }
},
{
  "model": "bussiness_post.postimage",
  "pk": 225,
  "fields": {
    "post": 63,
    "filename": "post_pics/image_10_1599228182998.jpg"
  }
},
{
  "model": "bussiness_post.postimage",
  "pk": 226,
  "fields": {
    "post": 64,
    "filename": "post_pics/image_1_1599232457145.jpg"
  }
},
{
  "model": "bussiness_post.postimage",
  "pk": 227,
  "fields": {
    "post": 65,
    "filename": "post_pics/image_1_1599232598972.jpg"
  }
},
{
  "model": "bussiness_post.postimage",
  "pk": 228,
  "fields": {
    "post": 65,
    "filename": "post_pics/image_2_1599232599169.jpg"
  }
},
{
  "model": "bussiness_post.postimage",
  "pk": 229,
  "fields": {
    "post": 66,
    "filename": "post_pics/image_1_1599238508719.jpg"
  }
},
{
  "model": "bussiness_post.postimage",
  "pk": 230,
  "fields": {
    "post": 67,
    "filename": "post_pics/image_1_1599238602192.jpg"
  }
},
{
  "model": "bussiness_post.postimage",
  "pk": 231,
  "fields": {
    "post": 67,
    "filename": "post_pics/image_2_1599238602422.jpg"
  }
},
{
  "model": "bussiness_post.postimage",
  "pk": 232,
  "fields": {
    "post": 67,
    "filename": "post_pics/image_3_1599238602567.jpg"
  }
},
{
  "model": "bussiness_post.postimage",
  "pk": 233,
  "fields": {
    "post": 67,
    "filename": "post_pics/image_4_1599238602697.jpg"
  }
},
{
  "model": "bussiness_post.postimage",
  "pk": 234,
  "fields": {
    "post": 67,
    "filename": "post_pics/image_5_1599238602832.jpg"
  }
},
{
  "model": "bussiness_post.postimage",
  "pk": 235,
  "fields": {
    "post": 67,
    "filename": "post_pics/image_6_1599238602960.jpg"
  }
},
{
  "model": "bussiness_post.postimage",
  "pk": 236,
  "fields": {
    "post": 67,
    "filename": "post_pics/image_7_1599238603094.jpg"
  }
},
{
  "model": "bussiness_post.postimage",
  "pk": 237,
  "fields": {
    "post": 67,
    "filename": "post_pics/image_8_1599238603237.jpg"
  }
},
{
  "model": "bussiness_post.postimage",
  "pk": 238,
  "fields": {
    "post": 68,
    "filename": "post_pics/image_1_1599240657277.jpg"
  }
},
{
  "model": "bussiness_post.postimage",
  "pk": 239,
  "fields": {
    "post": 69,
    "filename": "post_pics/image_1_1599240721511.jpg"
  }
},
{
  "model": "bussiness_post.postimage",
  "pk": 240,
  "fields": {
    "post": 69,
    "filename": "post_pics/image_2_1599240722328.jpg"
  }
},
{
  "model": "bussiness_post.postimage",
  "pk": 241,
  "fields": {
    "post": 69,
    "filename": "post_pics/image_3_1599240722942.jpg"
  }
},
{
  "model": "bussiness_post.postimage",
  "pk": 242,
  "fields": {
    "post": 69,
    "filename": "post_pics/image_4_1599240723551.jpg"
  }
},
{
  "model": "bussiness_post.postimage",
  "pk": 243,
  "fields": {
    "post": 70,
    "filename": "post_pics/image_1_1599240789224.jpg"
  }
},
{
  "model": "bussiness_post.postimage",
  "pk": 244,
  "fields": {
    "post": 70,
    "filename": "post_pics/image_2_1599240789994.jpg"
  }
},
{
  "model": "bussiness_post.postimage",
  "pk": 245,
  "fields": {
    "post": 70,
    "filename": "post_pics/image_3_1599240790584.jpg"
  }
},
{
  "model": "bussiness_post.postimage",
  "pk": 246,
  "fields": {
    "post": 70,
    "filename": "post_pics/image_4_1599240791645.jpg"
  }
},
{
  "model": "bussiness_post.postimage",
  "pk": 247,
  "fields": {
    "post": 70,
    "filename": "post_pics/image_5_1599240792251.jpg"
  }
},
{
  "model": "bussiness_post.postimage",
  "pk": 248,
  "fields": {
    "post": 70,
    "filename": "post_pics/image_6_1599240793083.jpg"
  }
},
{
  "model": "bussiness_post.postimage",
  "pk": 249,
  "fields": {
    "post": 71,
    "filename": "post_pics/image_1_1599240961221.jpg"
  }
},
{
  "model": "bussiness_post.postimage",
  "pk": 250,
  "fields": {
    "post": 71,
    "filename": "post_pics/image_2_1599240963497.jpg"
  }
},
{
  "model": "bussiness_post.postimage",
  "pk": 251,
  "fields": {
    "post": 71,
    "filename": "post_pics/image_3_1599240964524.jpg"
  }
},
{
  "model": "bussiness_post.postimage",
  "pk": 252,
  "fields": {
    "post": 71,
    "filename": "post_pics/image_4_1599240965317.jpg"
  }
},
{
  "model": "bussiness_post.postimage",
  "pk": 253,
  "fields": {
    "post": 71,
    "filename": "post_pics/image_5_1599240965721.jpg"
  }
},
{
  "model": "bussiness_post.postimage",
  "pk": 254,
  "fields": {
    "post": 72,
    "filename": "post_pics/image_1_1599241048988.jpg"
  }
},
{
  "model": "bussiness_post.postimage",
  "pk": 255,
  "fields": {
    "post": 72,
    "filename": "post_pics/image_2_1599241049956.jpg"
  }
},
{
  "model": "bussiness_post.postimage",
  "pk": 256,
  "fields": {
    "post": 72,
    "filename": "post_pics/image_3_1599241050805.jpg"
  }
},
{
  "model": "bussiness_post.postimage",
  "pk": 257,
  "fields": {
    "post": 72,
    "filename": "post_pics/image_4_1599241051747.jpg"
  }
},
{
  "model": "bussiness_post.postimage",
  "pk": 258,
  "fields": {
    "post": 72,
    "filename": "post_pics/image_5_1599241052690.jpg"
  }
},
{
  "model": "bussiness_post.postimage",
  "pk": 259,
  "fields": {
    "post": 72,
    "filename": "post_pics/image_6_1599241053530.jpg"
  }
},
{
  "model": "bussiness_post.postimage",
  "pk": 260,
  "fields": {
    "post": 72,
    "filename": "post_pics/image_7_1599241054688.jpg"
  }
},
{
  "model": "bussiness_post.postimage",
  "pk": 261,
  "fields": {
    "post": 73,
    "filename": "post_pics/image_1_1599241074827.jpg"
  }
},
{
  "model": "bussiness_post.postimage",
  "pk": 262,
  "fields": {
    "post": 73,
    "filename": "post_pics/image_2_1599241075088.jpg"
  }
},
{
  "model": "bussiness_post.postimage",
  "pk": 263,
  "fields": {
    "post": 73,
    "filename": "post_pics/image_3_1599241075213.jpg"
  }
},
{
  "model": "bussiness_post.postimage",
  "pk": 264,
  "fields": {
    "post": 74,
    "filename": "post_pics/image_1_1599241085020.jpg"
  }
},
{
  "model": "bussiness_post.postimage",
  "pk": 265,
  "fields": {
    "post": 74,
    "filename": "post_pics/image_2_1599241085958.jpg"
  }
},
{
  "model": "bussiness_post.postimage",
  "pk": 266,
  "fields": {
    "post": 75,
    "filename": "post_pics/image_1_1599241127429.jpg"
  }
},
{
  "model": "bussiness_post.postimage",
  "pk": 267,
  "fields": {
    "post": 76,
    "filename": "post_pics/image_1_1599259994312.jpg"
  }
},
{
  "model": "bussiness_post.postimage",
  "pk": 268,
  "fields": {
    "post": 76,
    "filename": "post_pics/image_2_1599259999913.jpg"
  }
},
{
  "model": "bussiness_post.postimage",
  "pk": 269,
  "fields": {
    "post": 76,
    "filename": "post_pics/image_3_1599260004193.jpg"
  }
},
{
  "model": "bussiness_post.postimage",
  "pk": 270,
  "fields": {
    "post": 76,
    "filename": "post_pics/image_4_1599260006793.jpg"
  }
},
{
  "model": "bussiness_post.postimage",
  "pk": 271,
  "fields": {
    "post": 76,
    "filename": "post_pics/image_5_1599260009599.jpg"
  }
},
{
  "model": "bussiness_post.postimage",
  "pk": 272,
  "fields": {
    "post": 76,
    "filename": "post_pics/image_6_1599260012306.jpg"
  }
},
{
  "model": "bussiness_post.postimage",
  "pk": 273,
  "fields": {
    "post": 76,
    "filename": "post_pics/image_7_1599260015179.jpg"
  }
},
{
  "model": "bussiness_post.postimage",
  "pk": 274,
  "fields": {
    "post": 76,
    "filename": "post_pics/image_8_1599260018034.jpg"
  }
},
{
  "model": "bussiness_post.postimage",
  "pk": 275,
  "fields": {
    "post": 76,
    "filename": "post_pics/image_9_1599260020878.jpg"
  }
},
{
  "model": "bussiness_post.postimage",
  "pk": 276,
  "fields": {
    "post": 77,
    "filename": "post_pics/image_1_1599287242648.jpg"
  }
},
{
  "model": "bussiness_post.postimage",
  "pk": 277,
  "fields": {
    "post": 77,
    "filename": "post_pics/image_2_1599287242803.jpg"
  }
},
{
  "model": "bussiness_post.postimage",
  "pk": 278,
  "fields": {
    "post": 77,
    "filename": "post_pics/image_3_1599287242974.jpg"
  }
},
{
  "model": "bussiness_post.postimage",
  "pk": 279,
  "fields": {
    "post": 77,
    "filename": "post_pics/image_4_1599287243089.jpg"
  }
},
{
  "model": "bussiness_post.postimage",
  "pk": 280,
  "fields": {
    "post": 78,
    "filename": "post_pics/image_1_1599287334107.jpg"
  }
},
{
  "model": "bussiness_post.postimage",
  "pk": 281,
  "fields": {
    "post": 78,
    "filename": "post_pics/image_2_1599287334369.jpg"
  }
},
{
  "model": "bussiness_post.postimage",
  "pk": 282,
  "fields": {
    "post": 79,
    "filename": "post_pics/image_1_1599397701969.jpg"
  }
},
{
  "model": "bussiness_post.postimage",
  "pk": 283,
  "fields": {
    "post": 79,
    "filename": "post_pics/image_2_1599397702940.jpg"
  }
},
{
  "model": "bussiness_post.postimage",
  "pk": 284,
  "fields": {
    "post": 79,
    "filename": "post_pics/image_3_1599397703238.jpg"
  }
},
{
  "model": "bussiness_post.postimage",
  "pk": 285,
  "fields": {
    "post": 80,
    "filename": "post_pics/image_1_1599397908464.jpg"
  }
},
{
  "model": "bussiness_post.postimage",
  "pk": 286,
  "fields": {
    "post": 80,
    "filename": "post_pics/image_2_1599397909868.jpg"
  }
},
{
  "model": "bussiness_post.postimage",
  "pk": 287,
  "fields": {
    "post": 80,
    "filename": "post_pics/image_3_1599397910625.jpg"
  }
},
{
  "model": "bussiness_post.postimage",
  "pk": 288,
  "fields": {
    "post": 81,
    "filename": "post_pics/image_1_1599458730792.jpg"
  }
},
{
  "model": "bussiness_post.postimage",
  "pk": 289,
  "fields": {
    "post": 81,
    "filename": "post_pics/image_2_1599458730879.jpg"
  }
},
{
  "model": "bussiness_post.postimage",
  "pk": 290,
  "fields": {
    "post": 81,
    "filename": "post_pics/image_3_1599458731036.jpg"
  }
},
{
  "model": "bussiness_post.postimage",
  "pk": 291,
  "fields": {
    "post": 81,
    "filename": "post_pics/image_4_1599458731194.jpg"
  }
},
{
  "model": "bussiness_post.postimage",
  "pk": 292,
  "fields": {
    "post": 81,
    "filename": "post_pics/image_5_1599458731332.jpg"
  }
},
{
  "model": "bussiness_post.postimage",
  "pk": 293,
  "fields": {
    "post": 82,
    "filename": "post_pics/image_1_1599463336184.jpg"
  }
},
{
  "model": "bussiness_post.postimage",
  "pk": 294,
  "fields": {
    "post": 82,
    "filename": "post_pics/image_2_1599463336433.jpg"
  }
},
{
  "model": "bussiness_post.postimage",
  "pk": 295,
  "fields": {
    "post": 83,
    "filename": "post_pics/image_1_1599467074535.jpg"
  }
},
{
  "model": "bussiness_post.postimage",
  "pk": 296,
  "fields": {
    "post": 83,
    "filename": "post_pics/image_2_1599467074769.jpg"
  }
},
{
  "model": "bussiness_post.postimage",
  "pk": 297,
  "fields": {
    "post": 83,
    "filename": "post_pics/image_3_1599467074970.jpg"
  }
},
{
  "model": "bussiness_post.postimage",
  "pk": 298,
  "fields": {
    "post": 83,
    "filename": "post_pics/image_4_1599467075204.jpg"
  }
},
{
  "model": "bussiness_post.postimage",
  "pk": 299,
  "fields": {
    "post": 84,
    "filename": "post_pics/image_1_1599467173007.jpg"
  }
},
{
  "model": "bussiness_post.postimage",
  "pk": 300,
  "fields": {
    "post": 84,
    "filename": "post_pics/image_2_1599467173650.jpg"
  }
},
{
  "model": "bussiness_post.postimage",
  "pk": 301,
  "fields": {
    "post": 84,
    "filename": "post_pics/image_3_1599467174248.jpg"
  }
},
{
  "model": "bussiness_post.postimage",
  "pk": 302,
  "fields": {
    "post": 85,
    "filename": "post_pics/image_1_1599467274245.jpg"
  }
},
{
  "model": "bussiness_post.postimage",
  "pk": 303,
  "fields": {
    "post": 85,
    "filename": "post_pics/image_2_1599467274747.jpg"
  }
},
{
  "model": "bussiness_post.postimage",
  "pk": 304,
  "fields": {
    "post": 85,
    "filename": "post_pics/image_3_1599467275358.jpg"
  }
},
{
  "model": "bussiness_post.postimage",
  "pk": 305,
  "fields": {
    "post": 86,
    "filename": "post_pics/image_1_1599467397235.jpg"
  }
},
{
  "model": "bussiness_post.postimage",
  "pk": 306,
  "fields": {
    "post": 86,
    "filename": "post_pics/image_2_1599467397424.jpg"
  }
},
{
  "model": "bussiness_post.postimage",
  "pk": 307,
  "fields": {
    "post": 86,
    "filename": "post_pics/image_3_1599467397592.jpg"
  }
},
{
  "model": "bussiness_post.postimage",
  "pk": 308,
  "fields": {
    "post": 87,
    "filename": "post_pics/image_1_1599467596862.jpg"
  }
},
{
  "model": "bussiness_post.postimage",
  "pk": 309,
  "fields": {
    "post": 88,
    "filename": "post_pics/image_1_1599467626491.jpg"
  }
},
{
  "model": "bussiness_post.postimage",
  "pk": 310,
  "fields": {
    "post": 88,
    "filename": "post_pics/image_2_1599467626688.jpg"
  }
},
{
  "model": "bussiness_post.postimage",
  "pk": 311,
  "fields": {
    "post": 89,
    "filename": "post_pics/image_1_1599467856560.jpg"
  }
},
{
  "model": "bussiness_post.postimage",
  "pk": 312,
  "fields": {
    "post": 89,
    "filename": "post_pics/image_2_1599467857134.jpg"
  }
},
{
  "model": "bussiness_post.postimage",
  "pk": 313,
  "fields": {
    "post": 89,
    "filename": "post_pics/image_3_1599467857633.jpg"
  }
},
{
  "model": "bussiness_post.postimage",
  "pk": 314,
  "fields": {
    "post": 89,
    "filename": "post_pics/image_4_1599467858114.jpg"
  }
},
{
  "model": "bussiness_post.postimage",
  "pk": 315,
  "fields": {
    "post": 90,
    "filename": "post_pics/image_1_1599467954847.jpg"
  }
},
{
  "model": "bussiness_post.postimage",
  "pk": 316,
  "fields": {
    "post": 90,
    "filename": "post_pics/image_2_1599467955000.jpg"
  }
},
{
  "model": "bussiness_post.postimage",
  "pk": 317,
  "fields": {
    "post": 90,
    "filename": "post_pics/image_3_1599467955135.jpg"
  }
},
{
  "model": "bussiness_post.postimage",
  "pk": 318,
  "fields": {
    "post": 90,
    "filename": "post_pics/image_4_1599467955249.jpg"
  }
},
{
  "model": "bussiness_post.postimage",
  "pk": 319,
  "fields": {
    "post": 91,
    "filename": "post_pics/image_1_1599468033451.jpg"
  }
},
{
  "model": "bussiness_post.postimage",
  "pk": 320,
  "fields": {
    "post": 91,
    "filename": "post_pics/image_2_1599468034046.jpg"
  }
},
{
  "model": "bussiness_post.postimage",
  "pk": 321,
  "fields": {
    "post": 92,
    "filename": "post_pics/image_1_1599468156705.jpg"
  }
},
{
  "model": "bussiness_post.postimage",
  "pk": 322,
  "fields": {
    "post": 92,
    "filename": "post_pics/image_2_1599468156875.jpg"
  }
},
{
  "model": "bussiness_post.postimage",
  "pk": 323,
  "fields": {
    "post": 92,
    "filename": "post_pics/image_3_1599468157395.jpg"
  }
},
{
  "model": "bussiness_post.postimage",
  "pk": 324,
  "fields": {
    "post": 93,
    "filename": "post_pics/image_1_1599468292013.jpg"
  }
},
{
  "model": "bussiness_post.postimage",
  "pk": 325,
  "fields": {
    "post": 93,
    "filename": "post_pics/image_2_1599468292167.jpg"
  }
},
{
  "model": "bussiness_post.postimage",
  "pk": 326,
  "fields": {
    "post": 93,
    "filename": "post_pics/image_3_1599468292333.jpg"
  }
},
{
  "model": "bussiness_post.postimage",
  "pk": 327,
  "fields": {
    "post": 94,
    "filename": "post_pics/image_1_1599468465889.jpg"
  }
},
{
  "model": "bussiness_post.postimage",
  "pk": 328,
  "fields": {
    "post": 94,
    "filename": "post_pics/image_2_1599468466078.jpg"
  }
},
{
  "model": "bussiness_post.postimage",
  "pk": 329,
  "fields": {
    "post": 94,
    "filename": "post_pics/image_3_1599468466250.jpg"
  }
},
{
  "model": "bussiness_post.postimage",
  "pk": 330,
  "fields": {
    "post": 94,
    "filename": "post_pics/image_4_1599468466423.jpg"
  }
},
{
  "model": "bussiness_post.postimage",
  "pk": 331,
  "fields": {
    "post": 95,
    "filename": "post_pics/image_1_1599468782556.jpg"
  }
},
{
  "model": "bussiness_post.postimage",
  "pk": 332,
  "fields": {
    "post": 96,
    "filename": "post_pics/image_1_1599468855577.jpg"
  }
},
{
  "model": "bussiness_post.postimage",
  "pk": 333,
  "fields": {
    "post": 96,
    "filename": "post_pics/image_2_1599468855773.jpg"
  }
},
{
  "model": "bussiness_post.postimage",
  "pk": 334,
  "fields": {
    "post": 96,
    "filename": "post_pics/image_3_1599468855944.jpg"
  }
},
{
  "model": "bussiness_post.postimage",
  "pk": 335,
  "fields": {
    "post": 97,
    "filename": "post_pics/image_1_1599468926914.jpg"
  }
},
{
  "model": "bussiness_post.postimage",
  "pk": 336,
  "fields": {
    "post": 97,
    "filename": "post_pics/image_2_1599468927060.jpg"
  }
},
{
  "model": "bussiness_post.postimage",
  "pk": 337,
  "fields": {
    "post": 97,
    "filename": "post_pics/image_3_1599468927180.jpg"
  }
},
{
  "model": "bussiness_post.postimage",
  "pk": 338,
  "fields": {
    "post": 98,
    "filename": "post_pics/image_1_1599468995933.jpg"
  }
},
{
  "model": "bussiness_post.postimage",
  "pk": 339,
  "fields": {
    "post": 99,
    "filename": "post_pics/image_1_1599469041020.jpg"
  }
},
{
  "model": "bussiness_post.postimage",
  "pk": 340,
  "fields": {
    "post": 100,
    "filename": "post_pics/image_1_1599469096789.jpg"
  }
},
{
  "model": "bussiness_post.postimage",
  "pk": 341,
  "fields": {
    "post": 100,
    "filename": "post_pics/image_2_1599469097070.jpg"
  }
},
{
  "model": "bussiness_post.postimage",
  "pk": 342,
  "fields": {
    "post": 101,
    "filename": "post_pics/image_1_1599469218245.jpg"
  }
},
{
  "model": "bussiness_post.postimage",
  "pk": 343,
  "fields": {
    "post": 102,
    "filename": "post_pics/image_1_1599469296182.jpg"
  }
},
{
  "model": "bussiness_post.postimage",
  "pk": 344,
  "fields": {
    "post": 103,
    "filename": "post_pics/image_1_1599469471425.jpg"
  }
},
{
  "model": "bussiness_post.postimage",
  "pk": 345,
  "fields": {
    "post": 103,
    "filename": "post_pics/image_2_1599469471578.jpg"
  }
},
{
  "model": "bussiness_post.postimage",
  "pk": 346,
  "fields": {
    "post": 104,
    "filename": "post_pics/image_1_1599469553412.jpg"
  }
},
{
  "model": "bussiness_post.postimage",
  "pk": 347,
  "fields": {
    "post": 104,
    "filename": "post_pics/image_2_1599469553568.jpg"
  }
},
{
  "model": "bussiness_post.postimage",
  "pk": 348,
  "fields": {
    "post": 104,
    "filename": "post_pics/image_3_1599469553672.jpg"
  }
},
{
  "model": "bussiness_post.postimage",
  "pk": 349,
  "fields": {
    "post": 105,
    "filename": "post_pics/image_1_1599469659067.jpg"
  }
},
{
  "model": "bussiness_post.postimage",
  "pk": 350,
  "fields": {
    "post": 105,
    "filename": "post_pics/image_2_1599469659310.jpg"
  }
},
{
  "model": "bussiness_post.postimage",
  "pk": 351,
  "fields": {
    "post": 105,
    "filename": "post_pics/image_3_1599469659403.jpg"
  }
},
{
  "model": "bussiness_post.postimage",
  "pk": 352,
  "fields": {
    "post": 105,
    "filename": "post_pics/image_4_1599469659820.jpg"
  }
},
{
  "model": "bussiness_post.postimage",
  "pk": 353,
  "fields": {
    "post": 106,
    "filename": "post_pics/image_1_1599469793824.jpg"
  }
},
{
  "model": "bussiness_post.postimage",
  "pk": 354,
  "fields": {
    "post": 106,
    "filename": "post_pics/image_2_1599469794050.jpg"
  }
},
{
  "model": "bussiness_post.postimage",
  "pk": 355,
  "fields": {
    "post": 106,
    "filename": "post_pics/image_3_1599469794217.jpg"
  }
},
{
  "model": "bussiness_post.postimage",
  "pk": 356,
  "fields": {
    "post": 106,
    "filename": "post_pics/image_4_1599469794699.jpg"
  }
},
{
  "model": "bussiness_post.postimage",
  "pk": 357,
  "fields": {
    "post": 107,
    "filename": "post_pics/image_1_1599469904230.jpg"
  }
},
{
  "model": "bussiness_post.postimage",
  "pk": 358,
  "fields": {
    "post": 107,
    "filename": "post_pics/image_2_1599469904453.jpg"
  }
},
{
  "model": "bussiness_post.postimage",
  "pk": 359,
  "fields": {
    "post": 108,
    "filename": "post_pics/image_1_1599470799199.jpg"
  }
},
{
  "model": "bussiness_post.postimage",
  "pk": 360,
  "fields": {
    "post": 108,
    "filename": "post_pics/image_2_1599470799415.jpg"
  }
},
{
  "model": "bussiness_post.postimage",
  "pk": 361,
  "fields": {
    "post": 109,
    "filename": "post_pics/image_1_1599476219184.jpg"
  }
},
{
  "model": "bussiness_post.postimage",
  "pk": 362,
  "fields": {
    "post": 109,
    "filename": "post_pics/image_2_1599476219503.jpg"
  }
},
{
  "model": "bussiness_post.postimage",
  "pk": 363,
  "fields": {
    "post": 109,
    "filename": "post_pics/image_3_1599476219780.jpg"
  }
},
{
  "model": "bussiness_post.postimage",
  "pk": 364,
  "fields": {
    "post": 110,
    "filename": "post_pics/image_1_1599483466275.jpg"
  }
},
{
  "model": "bussiness_post.postimage",
  "pk": 365,
  "fields": {
    "post": 111,
    "filename": "post_pics/image_1_1599489956547.jpg"
  }
},
{
  "model": "bussiness_post.postimage",
  "pk": 366,
  "fields": {
    "post": 111,
    "filename": "post_pics/image_2_1599489956867.jpg"
  }
},
{
  "model": "bussiness_post.postimage",
  "pk": 367,
  "fields": {
    "post": 111,
    "filename": "post_pics/image_3_1599489957045.jpg"
  }
},
{
  "model": "bussiness_post.postimage",
  "pk": 368,
  "fields": {
    "post": 111,
    "filename": "post_pics/image_4_1599489957220.jpg"
  }
},
{
  "model": "bussiness_post.postimage",
  "pk": 369,
  "fields": {
    "post": 111,
    "filename": "post_pics/image_5_1599489957419.jpg"
  }
},
{
  "model": "bussiness_post.postimage",
  "pk": 370,
  "fields": {
    "post": 111,
    "filename": "post_pics/image_6_1599489957852.jpg"
  }
},
{
  "model": "bussiness_post.postimage",
  "pk": 371,
  "fields": {
    "post": 111,
    "filename": "post_pics/image_7_1599489958049.jpg"
  }
},
{
  "model": "bussiness_post.postimage",
  "pk": 372,
  "fields": {
    "post": 111,
    "filename": "post_pics/image_8_1599489958235.jpg"
  }
},
{
  "model": "bussiness_post.postimage",
  "pk": 373,
  "fields": {
    "post": 112,
    "filename": "post_pics/image_1_1599493246375.jpg"
  }
},
{
  "model": "bussiness_post.postimage",
  "pk": 374,
  "fields": {
    "post": 113,
    "filename": "post_pics/image_1_1599504346989.jpg"
  }
},
{
  "model": "bussiness_post.postimage",
  "pk": 375,
  "fields": {
    "post": 114,
    "filename": "post_pics/image_1_1599542812579.jpg"
  }
},
{
  "model": "bussiness_post.postimage",
  "pk": 376,
  "fields": {
    "post": 114,
    "filename": "post_pics/image_2_1599542813149.jpg"
  }
},
{
  "model": "bussiness_post.postimage",
  "pk": 377,
  "fields": {
    "post": 115,
    "filename": "post_pics/image_1_1599544107803.jpg"
  }
},
{
  "model": "bussiness_post.postimage",
  "pk": 378,
  "fields": {
    "post": 115,
    "filename": "post_pics/image_2_1599544108058.jpg"
  }
},
{
  "model": "bussiness_post.postimage",
  "pk": 379,
  "fields": {
    "post": 116,
    "filename": "post_pics/image_1_1599544237049.jpg"
  }
},
{
  "model": "bussiness_post.postimage",
  "pk": 380,
  "fields": {
    "post": 116,
    "filename": "post_pics/image_2_1599544237337.jpg"
  }
},
{
  "model": "bussiness_post.postimage",
  "pk": 381,
  "fields": {
    "post": 116,
    "filename": "post_pics/image_3_1599544237527.jpg"
  }
},
{
  "model": "bussiness_post.postimage",
  "pk": 382,
  "fields": {
    "post": 117,
    "filename": "post_pics/image_1_1599548786724.jpg"
  }
},
{
  "model": "bussiness_post.postimage",
  "pk": 383,
  "fields": {
    "post": 117,
    "filename": "post_pics/image_2_1599548786880.jpg"
  }
},
{
  "model": "bussiness_post.postimage",
  "pk": 384,
  "fields": {
    "post": 117,
    "filename": "post_pics/image_3_1599548787013.jpg"
  }
},
{
  "model": "bussiness_post.postimage",
  "pk": 385,
  "fields": {
    "post": 117,
    "filename": "post_pics/image_4_1599548787154.jpg"
  }
},
{
  "model": "bussiness_post.postimage",
  "pk": 386,
  "fields": {
    "post": 118,
    "filename": "post_pics/image_1_1599552585266.jpg"
  }
},
{
  "model": "bussiness_post.postimage",
  "pk": 387,
  "fields": {
    "post": 119,
    "filename": "post_pics/image_1_1599586337689.jpg"
  }
},
{
  "model": "bussiness_post.postimage",
  "pk": 388,
  "fields": {
    "post": 119,
    "filename": "post_pics/image_2_1599586337916.jpg"
  }
},
{
  "model": "bussiness_post.postimage",
  "pk": 389,
  "fields": {
    "post": 119,
    "filename": "post_pics/image_3_1599586338167.jpg"
  }
},
{
  "model": "bussiness_post.postimage",
  "pk": 390,
  "fields": {
    "post": 119,
    "filename": "post_pics/image_4_1599586338387.jpg"
  }
},
{
  "model": "bussiness_post.postimage",
  "pk": 391,
  "fields": {
    "post": 119,
    "filename": "post_pics/image_5_1599586338529.jpg"
  }
},
{
  "model": "bussiness_post.postimage",
  "pk": 392,
  "fields": {
    "post": 120,
    "filename": "post_pics/image_1_1599636544841.jpg"
  }
},
{
  "model": "bussiness_post.postimage",
  "pk": 393,
  "fields": {
    "post": 121,
    "filename": "post_pics/image_1_1599636552498.jpg"
  }
},
{
  "model": "bussiness_post.postimage",
  "pk": 394,
  "fields": {
    "post": 122,
    "filename": "post_pics/image_1_1599651551054.jpg"
  }
},
{
  "model": "bussiness_post.postimage",
  "pk": 395,
  "fields": {
    "post": 122,
    "filename": "post_pics/image_2_1599651551196.jpg"
  }
},
{
  "model": "bussiness_post.postimage",
  "pk": 396,
  "fields": {
    "post": 122,
    "filename": "post_pics/image_3_1599651551297.jpg"
  }
},
{
  "model": "bussiness_post.postimage",
  "pk": 397,
  "fields": {
    "post": 123,
    "filename": "post_pics/image_1_1599652715218.jpg"
  }
},
{
  "model": "bussiness_post.postimage",
  "pk": 398,
  "fields": {
    "post": 124,
    "filename": "post_pics/image_1_1599659298525.jpg"
  }
},
{
  "model": "bussiness_post.postimage",
  "pk": 399,
  "fields": {
    "post": 125,
    "filename": "post_pics/image_1_1599659401493.jpg"
  }
},
{
  "model": "bussiness_post.postimage",
  "pk": 400,
  "fields": {
    "post": 125,
    "filename": "post_pics/image_2_1599659401714.jpg"
  }
},
{
  "model": "bussiness_post.postimage",
  "pk": 401,
  "fields": {
    "post": 126,
    "filename": "post_pics/image_1_1599659470573.jpg"
  }
},
{
  "model": "bussiness_post.postimage",
  "pk": 402,
  "fields": {
    "post": 127,
    "filename": "post_pics/image_1_1599659575988.jpg"
  }
},
{
  "model": "bussiness_post.postimage",
  "pk": 403,
  "fields": {
    "post": 127,
    "filename": "post_pics/image_2_1599659576294.jpg"
  }
},
{
  "model": "bussiness_post.postimage",
  "pk": 404,
  "fields": {
    "post": 127,
    "filename": "post_pics/image_3_1599659576493.jpg"
  }
},
{
  "model": "bussiness_post.postimage",
  "pk": 405,
  "fields": {
    "post": 128,
    "filename": "post_pics/image_1_1599659640909.jpg"
  }
},
{
  "model": "bussiness_post.postimage",
  "pk": 406,
  "fields": {
    "post": 128,
    "filename": "post_pics/image_2_1599659641188.jpg"
  }
},
{
  "model": "bussiness_post.postimage",
  "pk": 407,
  "fields": {
    "post": 129,
    "filename": "post_pics/image_1_1599659719550.jpg"
  }
},
{
  "model": "bussiness_post.postimage",
  "pk": 408,
  "fields": {
    "post": 129,
    "filename": "post_pics/image_2_1599659721015.jpg"
  }
},
{
  "model": "bussiness_post.postimage",
  "pk": 409,
  "fields": {
    "post": 129,
    "filename": "post_pics/image_3_1599659722186.jpg"
  }
},
{
  "model": "bussiness_post.postimage",
  "pk": 410,
  "fields": {
    "post": 129,
    "filename": "post_pics/image_4_1599659723465.jpg"
  }
},
{
  "model": "bussiness_post.postimage",
  "pk": 411,
  "fields": {
    "post": 130,
    "filename": "post_pics/image_1_1599670165717.jpg"
  }
},
{
  "model": "bussiness_post.postimage",
  "pk": 412,
  "fields": {
    "post": 131,
    "filename": "post_pics/image_1_1599670274676.jpg"
  }
},
{
  "model": "bussiness_post.postimage",
  "pk": 413,
  "fields": {
    "post": 132,
    "filename": "post_pics/image_1_1599670419221.jpg"
  }
},
{
  "model": "bussiness_post.postimage",
  "pk": 414,
  "fields": {
    "post": 132,
    "filename": "post_pics/image_2_1599670419343.jpg"
  }
},
{
  "model": "bussiness_post.postimage",
  "pk": 415,
  "fields": {
    "post": 133,
    "filename": "post_pics/image_1_1599670587209.jpg"
  }
},
{
  "model": "bussiness_post.postimage",
  "pk": 416,
  "fields": {
    "post": 134,
    "filename": "post_pics/image_1_1599670671512.jpg"
  }
},
{
  "model": "bussiness_post.postimage",
  "pk": 417,
  "fields": {
    "post": 135,
    "filename": "post_pics/image_1_1599681211944.jpg"
  }
},
{
  "model": "bussiness_post.postimage",
  "pk": 418,
  "fields": {
    "post": 136,
    "filename": "post_pics/image_1_1599715918397.jpg"
  }
},
{
  "model": "bussiness_post.postimage",
  "pk": 419,
  "fields": {
    "post": 137,
    "filename": "post_pics/image_1_1599742682989.jpg"
  }
},
{
  "model": "bussiness_post.postimage",
  "pk": 420,
  "fields": {
    "post": 137,
    "filename": "post_pics/image_2_1599742683177.jpg"
  }
},
{
  "model": "bussiness_post.postimage",
  "pk": 421,
  "fields": {
    "post": 137,
    "filename": "post_pics/image_3_1599742683349.jpg"
  }
},
{
  "model": "bussiness_post.postimage",
  "pk": 422,
  "fields": {
    "post": 137,
    "filename": "post_pics/image_4_1599742683514.jpg"
  }
},
{
  "model": "bussiness_post.postimage",
  "pk": 423,
  "fields": {
    "post": 138,
    "filename": "post_pics/image_1_1599742816399.jpg"
  }
},
{
  "model": "bussiness_post.postimage",
  "pk": 424,
  "fields": {
    "post": 138,
    "filename": "post_pics/image_2_1599742816524.jpg"
  }
},
{
  "model": "bussiness_post.postimage",
  "pk": 425,
  "fields": {
    "post": 138,
    "filename": "post_pics/image_3_1599742816586.jpg"
  }
},
{
  "model": "bussiness_post.postimage",
  "pk": 426,
  "fields": {
    "post": 139,
    "filename": "post_pics/image_1_1599742849308.jpg"
  }
},
{
  "model": "bussiness_post.postimage",
  "pk": 427,
  "fields": {
    "post": 139,
    "filename": "post_pics/image_2_1599742849452.jpg"
  }
},
{
  "model": "bussiness_post.postimage",
  "pk": 428,
  "fields": {
    "post": 139,
    "filename": "post_pics/image_3_1599742849580.jpg"
  }
},
{
  "model": "bussiness_post.postimage",
  "pk": 429,
  "fields": {
    "post": 139,
    "filename": "post_pics/image_4_1599742849706.jpg"
  }
},
{
  "model": "bussiness_post.postimage",
  "pk": 430,
  "fields": {
    "post": 139,
    "filename": "post_pics/image_5_1599742849817.jpg"
  }
},
{
  "model": "bussiness_post.postimage",
  "pk": 431,
  "fields": {
    "post": 140,
    "filename": "post_pics/image_1_1599742916350.jpg"
  }
},
{
  "model": "bussiness_post.postimage",
  "pk": 432,
  "fields": {
    "post": 140,
    "filename": "post_pics/image_2_1599742916507.jpg"
  }
},
{
  "model": "bussiness_post.postimage",
  "pk": 433,
  "fields": {
    "post": 140,
    "filename": "post_pics/image_3_1599742916640.jpg"
  }
},
{
  "model": "bussiness_post.postimage",
  "pk": 434,
  "fields": {
    "post": 140,
    "filename": "post_pics/image_4_1599742916761.jpg"
  }
},
{
  "model": "bussiness_post.postimage",
  "pk": 435,
  "fields": {
    "post": 141,
    "filename": "post_pics/image_1_1599744942678.jpg"
  }
},
{
  "model": "bussiness_post.postimage",
  "pk": 436,
  "fields": {
    "post": 142,
    "filename": "post_pics/image_1_1599757923518.jpg"
  }
},
{
  "model": "bussiness_post.postimage",
  "pk": 437,
  "fields": {
    "post": 142,
    "filename": "post_pics/image_2_1599757923820.jpg"
  }
},
{
  "model": "bussiness_post.postimage",
  "pk": 438,
  "fields": {
    "post": 142,
    "filename": "post_pics/image_3_1599757923930.jpg"
  }
},
{
  "model": "bussiness_post.postimage",
  "pk": 439,
  "fields": {
    "post": 143,
    "filename": "post_pics/image_1_1599758387583.jpg"
  }
},
{
  "model": "bussiness_post.postimage",
  "pk": 440,
  "fields": {
    "post": 144,
    "filename": "post_pics/image_1_1599765955967.jpg"
  }
},
{
  "model": "bussiness_post.postimage",
  "pk": 441,
  "fields": {
    "post": 144,
    "filename": "post_pics/image_2_1599765956078.jpg"
  }
},
{
  "model": "bussiness_post.postimage",
  "pk": 442,
  "fields": {
    "post": 144,
    "filename": "post_pics/image_3_1599765956156.jpg"
  }
},
{
  "model": "bussiness_post.postimage",
  "pk": 443,
  "fields": {
    "post": 145,
    "filename": "post_pics/image_1_1599767559129.jpg"
  }
},
{
  "model": "bussiness_post.postimage",
  "pk": 444,
  "fields": {
    "post": 146,
    "filename": "post_pics/image_1_1599767630120.jpg"
  }
},
{
  "model": "bussiness.bussiness",
  "pk": 4,
  "fields": {
    "name": "windowshoppi",
    "user": 5,
    "category": 1,
    "country": 1,
    "profile_image": "",
    "bio": "Discover the best things you want when plan spending.\nFind new ideas to try around you.\nExplore, Discover and Search on windowshoppi App.\nCreate your free business account.",
    "location_name": "Dar es Salaam, Tanzania",
    "lattitude": -6.792354,
    "longitude": 39.2083284,
    "date_registered": "2020-09-01T09:14:52.068Z",
    "date_modified": "2020-09-01T09:22:07.092Z",
    "active": true
  }
},
{
  "model": "bussiness.bussiness",
  "pk": 5,
  "fields": {
    "name": "Oscar.Out fits",
    "user": 6,
    "category": 1,
    "country": 1,
    "profile_image": "",
    "bio": "",
    "location_name": "Dar es Salaam, Dar es Salaam, Tanzania",
    "lattitude": -6.792354,
    "longitude": 39.2083284,
    "date_registered": "2020-09-01T14:28:28.623Z",
    "date_modified": "2020-09-01T16:39:03.477Z",
    "active": true
  }
},
{
  "model": "bussiness.bussiness",
  "pk": 6,
  "fields": {
    "name": "mery new fashion",
    "user": 7,
    "category": 1,
    "country": 1,
    "profile_image": "",
    "bio": "",
    "location_name": "Isanga, Mbeya, Tanzania",
    "lattitude": -8.8969449,
    "longitude": 33.4571588,
    "date_registered": "2020-09-01T14:39:02.048Z",
    "date_modified": "2020-09-01T14:40:33.541Z",
    "active": true
  }
},
{
  "model": "bussiness.bussiness",
  "pk": 7,
  "fields": {
    "name": "DAN SPORTWEAR TZ",
    "user": 8,
    "category": 1,
    "country": 1,
    "profile_image": "",
    "bio": "",
    "location_name": "Kariakoo Street, Dar es Salaam, Tanzania",
    "lattitude": -6.8175435,
    "longitude": 39.2741406,
    "date_registered": "2020-09-01T15:56:23.178Z",
    "date_modified": "2020-09-01T15:57:10.002Z",
    "active": true
  }
},
{
  "model": "bussiness.bussiness",
  "pk": 8,
  "fields": {
    "name": "Kea Shopping Centre",
    "user": 9,
    "category": 5,
    "country": 1,
    "profile_image": "",
    "bio": "Home Decor & Clothes\nInterior Design",
    "location_name": "Kariakoo Street, Dar es Salaam, Tanzania",
    "lattitude": -6.8175435,
    "longitude": 39.2741406,
    "date_registered": "2020-09-01T16:04:57.169Z",
    "date_modified": "2020-09-02T13:22:15.485Z",
    "active": true
  }
},
{
  "model": "bussiness.bussiness",
  "pk": 9,
  "fields": {
    "name": "bright solutions",
    "user": 10,
    "category": 5,
    "country": 1,
    "profile_image": "",
    "bio": null,
    "location_name": "Kariakoo, Tanzania",
    "lattitude": -6.8197286,
    "longitude": 39.2729993,
    "date_registered": "2020-09-01T16:29:22.785Z",
    "date_modified": "2020-09-01T16:29:22.785Z",
    "active": true
  }
},
{
  "model": "bussiness.bussiness",
  "pk": 10,
  "fields": {
    "name": "allydai mobile phone",
    "user": 11,
    "category": 1,
    "country": 1,
    "profile_image": "",
    "bio": "Dealers in : Brand New & UK Used Iphone Grad A, Phone Repair, Wireless network devices & Power bank..Free Delivery in Dar ea Salaam Call 0716684499",
    "location_name": "Dar es Salaam, Dar es Salaam, Tanzania",
    "lattitude": -6.792354,
    "longitude": 39.2083284,
    "date_registered": "2020-09-01T16:40:03.525Z",
    "date_modified": "2020-09-01T16:44:54.896Z",
    "active": true
  }
},
{
  "model": "bussiness.bussiness",
  "pk": 11,
  "fields": {
    "name": "officialkibiki_collection",
    "user": 12,
    "category": 3,
    "country": 1,
    "profile_image": "",
    "bio": "online shopping pata handbags Kali za kijanja za akinadada kwa bei poa kabisaa Wadada wajanja usipitwee   check me  insta@officialkibiki_collection",
    "location_name": "Dar es Salaam, Tanzania",
    "lattitude": -6.792354,
    "longitude": 39.2083284,
    "date_registered": "2020-09-02T07:06:11.021Z",
    "date_modified": "2020-09-04T22:52:13.568Z",
    "active": true
  }
},
{
  "model": "bussiness.bussiness",
  "pk": 12,
  "fields": {
    "name": "Erick classic collection",
    "user": 13,
    "category": 1,
    "country": 1,
    "profile_image": "",
    "bio": "kwa Mahitaji ya Nguo Aina zote zinapatikana hapa\n\nMikoani Tunatuma kwa gharama za Mteja \nDar es Salaam tunakuletea popote ulipo\n\n+255 719 681052\n+255 747 661818",
    "location_name": "Dar es Salaam, Tanzania",
    "lattitude": -6.792354,
    "longitude": 39.2083284,
    "date_registered": "2020-09-02T07:09:45.535Z",
    "date_modified": "2020-09-03T02:47:09.487Z",
    "active": true
  }
},
{
  "model": "bussiness.bussiness",
  "pk": 13,
  "fields": {
    "name": "Shani Kondo",
    "user": 14,
    "category": 15,
    "country": 1,
    "profile_image": "",
    "bio": "",
    "location_name": "Tanga Town, Tanga, Tanzania",
    "lattitude": -5.0888751,
    "longitude": 39.1023228,
    "date_registered": "2020-09-02T08:40:50.020Z",
    "date_modified": "2020-09-02T08:41:29.754Z",
    "active": true
  }
},
{
  "model": "bussiness.bussiness",
  "pk": 14,
  "fields": {
    "name": "mkete art",
    "user": 15,
    "category": 9,
    "country": 1,
    "profile_image": "",
    "bio": "decorative art kwa bei poa\n\nWelcome all",
    "location_name": "Ubungo, Tanzania",
    "lattitude": -6.7925196,
    "longitude": 39.20867510000001,
    "date_registered": "2020-09-02T09:34:14.925Z",
    "date_modified": "2020-09-02T09:39:03.099Z",
    "active": true
  }
},
{
  "model": "bussiness.bussiness",
  "pk": 15,
  "fields": {
    "name": "magari",
    "user": 16,
    "category": 7,
    "country": 1,
    "profile_image": "",
    "bio": null,
    "location_name": "Kinondoni, Tanzania",
    "lattitude": -6.7053324,
    "longitude": 39.1127352,
    "date_registered": "2020-09-02T14:56:53.697Z",
    "date_modified": "2020-09-02T14:56:53.697Z",
    "active": true
  }
},
{
  "model": "bussiness.bussiness",
  "pk": 16,
  "fields": {
    "name": "Swabrina Accessories ????",
    "user": 17,
    "category": 3,
    "country": 1,
    "profile_image": "",
    "bio": "Karibu ujipatie oud... perfumes...vitezo... lotion ...na makeups aina zote kwa jumla na rejareja\nTunatuma mikoa yote\nCall/whatssapp: 0718166104",
    "location_name": "Dar es Salaam, Tanzania",
    "lattitude": -6.792354,
    "longitude": 39.2083284,
    "date_registered": "2020-09-04T05:06:03.180Z",
    "date_modified": "2020-09-04T06:18:27.726Z",
    "active": true
  }
},
{
  "model": "bussiness.bussiness",
  "pk": 17,
  "fields": {
    "name": "GM Fashions",
    "user": 18,
    "category": 1,
    "country": 1,
    "profile_image": "",
    "bio": "get the best quality clothes today",
    "location_name": "Kariakoo, Tanzania",
    "lattitude": -6.8197286,
    "longitude": 39.2729993,
    "date_registered": "2020-09-04T13:10:47.462Z",
    "date_modified": "2020-09-04T13:12:26.152Z",
    "active": true
  }
},
{
  "model": "bussiness.bussiness",
  "pk": 18,
  "fields": {
    "name": "Adamu Obadia",
    "user": 19,
    "category": 1,
    "country": 1,
    "profile_image": "",
    "bio": "",
    "location_name": "Kariakoo Street, Dar es Salaam, Tanzania",
    "lattitude": -6.8175435,
    "longitude": 39.2741406,
    "date_registered": "2020-09-04T22:46:11.574Z",
    "date_modified": "2020-09-04T22:47:14.555Z",
    "active": true
  }
},
{
  "model": "bussiness.bussiness",
  "pk": 19,
  "fields": {
    "name": "fund_tiles",
    "user": 20,
    "category": 5,
    "country": 1,
    "profile_image": "",
    "bio": null,
    "location_name": "Dar es Salaam, Tanzania",
    "lattitude": -6.792354,
    "longitude": 39.2083284,
    "date_registered": "2020-09-07T06:02:44.569Z",
    "date_modified": "2020-09-07T06:02:44.569Z",
    "active": true
  }
},
{
  "model": "bussiness.bussiness",
  "pk": 20,
  "fields": {
    "name": "Magodorohalisitz",
    "user": 21,
    "category": 1,
    "country": 1,
    "profile_image": "",
    "bio": "Magodorohalisitz",
    "location_name": "Kinondoni, Tanzania",
    "lattitude": -6.7053324,
    "longitude": 39.1127352,
    "date_registered": "2020-09-07T08:21:48.427Z",
    "date_modified": "2020-09-07T08:23:14.391Z",
    "active": true
  }
},
{
  "model": "bussiness.bussiness",
  "pk": 21,
  "fields": {
    "name": "agrey electronic",
    "user": 22,
    "category": 1,
    "country": 1,
    "profile_image": "",
    "bio": "ukiagiza kwetu usafiri ni bure na malipo ni baada ya kupata bidhaa yako",
    "location_name": "Dar es Salaam, Tanzania",
    "lattitude": -6.792354,
    "longitude": 39.2083284,
    "date_registered": "2020-09-07T10:51:07.099Z",
    "date_modified": "2020-09-07T10:52:42.945Z",
    "active": true
  }
},
{
  "model": "bussiness.bussiness",
  "pk": 22,
  "fields": {
    "name": "NYIPINGU FURNITURE",
    "user": 23,
    "category": 2,
    "country": 1,
    "profile_image": "",
    "bio": null,
    "location_name": "Mbagala Zakheim Grounds, Unnamed Road, Dar es Salaam, Tanzania",
    "lattitude": -6.9149707,
    "longitude": 39.27274649999999,
    "date_registered": "2020-09-07T11:12:26.775Z",
    "date_modified": "2020-09-07T11:12:26.775Z",
    "active": true
  }
},
{
  "model": "bussiness.bussiness",
  "pk": 23,
  "fields": {
    "name": "SADRU",
    "user": 24,
    "category": 1,
    "country": 1,
    "profile_image": "",
    "bio": "njooni",
    "location_name": "Kariakoo Street, Dar es Salaam, Tanzania",
    "lattitude": -6.8175435,
    "longitude": 39.2741406,
    "date_registered": "2020-09-07T12:56:22.236Z",
    "date_modified": "2020-09-07T12:57:12.583Z",
    "active": true
  }
},
{
  "model": "bussiness.bussiness",
  "pk": 24,
  "fields": {
    "name": "dayanapatrick",
    "user": 25,
    "category": 1,
    "country": 1,
    "profile_image": "",
    "bio": "Dayana Electronics",
    "location_name": "Kariakoo, Tanzania",
    "lattitude": -6.8197286,
    "longitude": 39.2729993,
    "date_registered": "2020-09-07T18:43:50.191Z",
    "date_modified": "2020-09-09T16:56:59.614Z",
    "active": true
  }
},
{
  "model": "bussiness.bussiness",
  "pk": 25,
  "fields": {
    "name": "fakhy_henna",
    "user": 26,
    "category": 9,
    "country": 1,
    "profile_image": "",
    "bio": null,
    "location_name": "Dar es Salaam, Tanzania",
    "lattitude": -6.792354,
    "longitude": 39.2083284,
    "date_registered": "2020-09-08T07:05:22.372Z",
    "date_modified": "2020-09-08T07:05:22.372Z",
    "active": true
  }
},
{
  "model": "bussiness.bussiness",
  "pk": 26,
  "fields": {
    "name": "Janet cake empire bakery",
    "user": 27,
    "category": 15,
    "country": 1,
    "profile_image": "",
    "bio": "Tunapika cake aina zote aani za harusi ,send off ,kitchen party , birthday, graduation, engagement n nyinezo????????\n\nPia tunatoa ofa kwa punguzo la asilimai kumi kwa kila cake utakayochkua ..na kwa wateje wa dar tutawafikishia hadi hapo ulipo ????\n\npia tunatengeneza vitafunwa aina zote na kukuletea hadi hapo ulipo????????\n\nunaweza kuweka order kwa nambari ????0627629622\n\nkaribuni Sana????",
    "location_name": "Temeke, Dar es Salam, Tanzania",
    "lattitude": -6.9487976,
    "longitude": 39.44502809999999,
    "date_registered": "2020-09-08T08:02:52.702Z",
    "date_modified": "2020-09-08T08:07:53.828Z",
    "active": true
  }
},
{
  "model": "bussiness.bussiness",
  "pk": 27,
  "fields": {
    "name": "original_earphones_tz",
    "user": 28,
    "category": 1,
    "country": 1,
    "profile_image": "",
    "bio": null,
    "location_name": "Faykat Tower, Dar es Salaam, Tanzania",
    "lattitude": -6.7777164,
    "longitude": 39.2658807,
    "date_registered": "2020-09-08T08:44:58.379Z",
    "date_modified": "2020-09-08T08:44:58.379Z",
    "active": true
  }
},
{
  "model": "bussiness.bussiness",
  "pk": 28,
  "fields": {
    "name": "jammy onlineshop",
    "user": 29,
    "category": 3,
    "country": 1,
    "profile_image": "",
    "bio": "",
    "location_name": "Buza Catholic Church, Dar es Salaam, Tanzania",
    "lattitude": -6.891319699999999,
    "longitude": 39.2261845,
    "date_registered": "2020-09-08T17:31:32.624Z",
    "date_modified": "2020-09-08T17:32:18.885Z",
    "active": true
  }
},
{
  "model": "bussiness.bussiness",
  "pk": 29,
  "fields": {
    "name": "kawambwa",
    "user": 30,
    "category": 2,
    "country": 1,
    "profile_image": "",
    "bio": null,
    "location_name": "Mbagala, Tanzania",
    "lattitude": -6.8998862,
    "longitude": 39.26602889999999,
    "date_registered": "2020-09-09T05:41:09.705Z",
    "date_modified": "2020-09-09T05:41:09.705Z",
    "active": true
  }
},
{
  "model": "bussiness.bussiness",
  "pk": 30,
  "fields": {
    "name": "jayelectronics",
    "user": 31,
    "category": 1,
    "country": 1,
    "profile_image": "",
    "bio": "free delivery dar es salaam",
    "location_name": "Dar es Salaam, Dar es Salaam, Tanzania",
    "lattitude": -6.792354,
    "longitude": 39.2083284,
    "date_registered": "2020-09-09T11:35:50.808Z",
    "date_modified": "2020-09-09T11:37:26.169Z",
    "active": true
  }
},
{
  "model": "bussiness.bussiness",
  "pk": 31,
  "fields": {
    "name": "MEGASTICKERZ",
    "user": 32,
    "category": 1,
    "country": 1,
    "profile_image": "",
    "bio": "Wauzaji,watayarishaji na wabandikaji wa sticker Aina zote!",
    "location_name": "Gongo la Mboto, Dar es Salaam, Tanzania",
    "lattitude": -6.882282799999999,
    "longitude": 39.156355,
    "date_registered": "2020-09-09T13:45:07.548Z",
    "date_modified": "2020-09-09T13:46:24.749Z",
    "active": true
  }
},
{
  "model": "bussiness.bussiness",
  "pk": 32,
  "fields": {
    "name": "Chris",
    "user": 33,
    "category": 1,
    "country": 1,
    "profile_image": "",
    "bio": null,
    "location_name": "Kinondoni, Tanzania",
    "lattitude": -6.7053324,
    "longitude": 39.1127352,
    "date_registered": "2020-09-09T14:20:07.232Z",
    "date_modified": "2020-09-09T14:20:07.232Z",
    "active": true
  }
},
{
  "model": "bussiness.bussiness",
  "pk": 33,
  "fields": {
    "name": "Malkia Baby Shop",
    "user": 34,
    "category": 1,
    "country": 1,
    "profile_image": "",
    "bio": null,
    "location_name": "Dar es Salaam, Tanzania",
    "lattitude": -6.792354,
    "longitude": 39.2083284,
    "date_registered": "2020-09-09T18:11:19.810Z",
    "date_modified": "2020-09-09T18:11:19.810Z",
    "active": true
  }
},
{
  "model": "bussiness.bussiness",
  "pk": 34,
  "fields": {
    "name": "karonga",
    "user": 35,
    "category": 13,
    "country": 1,
    "profile_image": "",
    "bio": null,
    "location_name": "Dar es Salaam, Tanzania",
    "lattitude": -6.792354,
    "longitude": 39.2083284,
    "date_registered": "2020-09-09T19:30:58.228Z",
    "date_modified": "2020-09-09T19:30:58.228Z",
    "active": true
  }
},
{
  "model": "bussiness.bussiness",
  "pk": 35,
  "fields": {
    "name": "Muntalubukwa",
    "user": 36,
    "category": 1,
    "country": 1,
    "profile_image": "",
    "bio": "Don't put all your eggs in one basket",
    "location_name": "Mji Mpya Primary School, Dar es Salaam, Temeke, Tanzania",
    "lattitude": -6.8674445,
    "longitude": 39.2668996,
    "date_registered": "2020-09-10T21:00:02.140Z",
    "date_modified": "2020-09-10T21:02:23.423Z",
    "active": true
  }
}
]
