[
{
  "model": "auth.group",
  "pk": 1,
  "fields": {
    "name": "exc_admin",
    "permissions": []
  }
},
{
  "model": "auth.group",
  "pk": 2,
  "fields": {
    "name": "admin",
    "permissions": []
  }
},
{
  "model": "auth.group",
  "pk": 3,
  "fields": {
    "name": "vendor",
    "permissions": []
  }
},
{
  "model": "auth.group",
  "pk": 4,
  "fields": {
    "name": "buyer",
    "permissions": []
  }
},
{
  "model": "master_data.country",
  "pk": 1,
  "fields": {
    "name": "Tanzania",
    "ios2": "tz",
    "language": "en",
    "country_code": "+255",
    "timezone": "Africa/Dar_es_Salaam",
    "flag": "flag_pics/tz.png",
    "active": true,
    "date_registered": "2020-08-27T07:54:21.669Z"
  }
},
{
  "model": "master_data.category",
  "pk": 1,
  "fields": {
    "name": "Stores",
    "visited": 0,
    "active": true,
    "date_registered": "2020-08-27T07:42:50.604Z"
  }
},
{
  "model": "master_data.category",
  "pk": 2,
  "fields": {
    "name": "Restaurants",
    "visited": 0,
    "active": true,
    "date_registered": "2020-08-27T07:59:43.643Z"
  }
},
{
  "model": "master_data.category",
  "pk": 3,
  "fields": {
    "name": "Beauty & Spa",
    "visited": 0,
    "active": true,
    "date_registered": "2020-08-27T07:59:51.455Z"
  }
},
{
  "model": "master_data.category",
  "pk": 4,
  "fields": {
    "name": "Hotels",
    "visited": 0,
    "active": true,
    "date_registered": "2020-08-27T07:59:57.409Z"
  }
},
{
  "model": "master_data.category",
  "pk": 5,
  "fields": {
    "name": "Decor",
    "visited": 0,
    "active": true,
    "date_registered": "2020-08-27T08:00:05.760Z"
  }
},
{
  "model": "master_data.category",
  "pk": 6,
  "fields": {
    "name": "Real Estate",
    "visited": 0,
    "active": true,
    "date_registered": "2020-08-27T08:00:12.891Z"
  }
},
{
  "model": "master_data.category",
  "pk": 7,
  "fields": {
    "name": "Cars",
    "visited": 0,
    "active": true,
    "date_registered": "2020-08-27T08:00:17.902Z"
  }
},
{
  "model": "master_data.category",
  "pk": 8,
  "fields": {
    "name": "Nightlife",
    "visited": 0,
    "active": true,
    "date_registered": "2020-08-27T08:00:28.470Z"
  }
},
{
  "model": "master_data.category",
  "pk": 9,
  "fields": {
    "name": "Arts",
    "visited": 0,
    "active": true,
    "date_registered": "2020-08-27T08:00:35.452Z"
  }
},
{
  "model": "master_data.category",
  "pk": 10,
  "fields": {
    "name": "Movies",
    "visited": 0,
    "active": true,
    "date_registered": "2020-08-27T08:00:49.659Z"
  }
},
{
  "model": "master_data.category",
  "pk": 11,
  "fields": {
    "name": "Architecture",
    "visited": 0,
    "active": true,
    "date_registered": "2020-08-27T08:00:56.080Z"
  }
},
{
  "model": "master_data.category",
  "pk": 12,
  "fields": {
    "name": "Travel",
    "visited": 0,
    "active": true,
    "date_registered": "2020-08-27T08:01:01.299Z"
  }
},
{
  "model": "master_data.category",
  "pk": 13,
  "fields": {
    "name": "Event",
    "visited": 0,
    "active": true,
    "date_registered": "2020-08-27T08:01:09.580Z"
  }
},
{
  "model": "master_data.category",
  "pk": 14,
  "fields": {
    "name": "handymen",
    "visited": 0,
    "active": true,
    "date_registered": "2020-08-27T08:01:16.140Z"
  }
},
{
  "model": "master_data.category",
  "pk": 15,
  "fields": {
    "name": "Bakery",
    "visited": 0,
    "active": true,
    "date_registered": "2020-08-27T08:01:21.481Z"
  }
},
{
  "model": "user.user",
  "pk": 1,
  "fields": {
    "password": "pbkdf2_sha256$180000$CouWxaHkV6Ib$2GMTMlq7NWKPIhQSeG0J3C2brHCRP6Nc7WtmHaGLZa8=",
    "last_login": "2020-08-27T07:27:47.718Z",
    "first_name": null,
    "last_name": null,
    "username": "admin@windowshoppi.com",
    "email": null,
    "group": 1,
    "superuser": true,
    "staff": true,
    "active": true,
    "date_joined": "2020-08-27T07:13:40.209Z"
  }
},
{
  "model": "user.user",
  "pk": 5,
  "fields": {
    "password": "pbkdf2_sha256$180000$ZzeCGs61QqBc$ltSmEdEuZGIHbZBMLDysIWxfFbE0iWMfBwuv8Vhv3yI=",
    "last_login": null,
    "first_name": null,
    "last_name": null,
    "username": "windowshoppi",
    "email": "info@windowshoppi.com",
    "group": 3,
    "superuser": false,
    "staff": false,
    "active": true,
    "date_joined": "2020-09-01T09:14:52.042Z"
  }
},
{
  "model": "user.user",
  "pk": 6,
  "fields": {
    "password": "pbkdf2_sha256$180000$xKPujmxCKE9X$fSwlefjFdg4Akaq9zTqM0PmyIW/h9cmFl5on3NwYS/Q=",
    "last_login": null,
    "first_name": null,
    "last_name": null,
    "username": "Oscar",
    "email": "fredpaul.fp61@gmail.com",
    "group": 3,
    "superuser": false,
    "staff": false,
    "active": true,
    "date_joined": "2020-09-01T14:28:28.608Z"
  }
},
{
  "model": "user.user",
  "pk": 7,
  "fields": {
    "password": "pbkdf2_sha256$180000$hJIszhUby0H9$u/twtANbNA3E3cMrZJMEPZLG8Ye6yExFDfKztEmOgac=",
    "last_login": null,
    "first_name": null,
    "last_name": null,
    "username": "merykayange",
    "email": "mariamukayange@yahoo.com",
    "group": 3,
    "superuser": false,
    "staff": false,
    "active": true,
    "date_joined": "2020-09-01T14:39:02.034Z"
  }
},
{
  "model": "user.user",
  "pk": 8,
  "fields": {
    "password": "pbkdf2_sha256$180000$82eiS0qUhh4e$1tJWx2mS3BDLfGGGyrIfTOzH+lq9Qpj7jWwHBwNrXlE=",
    "last_login": null,
    "first_name": null,
    "last_name": null,
    "username": "DomSports",
    "email": "idrisdom4@gmail.com",
    "group": 3,
    "superuser": false,
    "staff": false,
    "active": true,
    "date_joined": "2020-09-01T15:56:23.165Z"
  }
},
{
  "model": "user.user",
  "pk": 9,
  "fields": {
    "password": "pbkdf2_sha256$180000$ldL4mt3NKfU1$ywoD72Z3y8znrlayKARRmSw3I3DcA8tsE7Pe+NTsYqU=",
    "last_login": null,
    "first_name": null,
    "last_name": null,
    "username": "kea_shopping_centre",
    "email": "kelvinf207@gmail.com",
    "group": 3,
    "superuser": false,
    "staff": false,
    "active": true,
    "date_joined": "2020-09-01T16:04:57.155Z"
  }
},
{
  "model": "user.user",
  "pk": 10,
  "fields": {
    "password": "pbkdf2_sha256$180000$6B9Zp6HOKWXp$kUXWNEGRaTKPqD8TY4q3HxREp7AUUYjs/SZG6oBQQR0=",
    "last_login": null,
    "first_name": null,
    "last_name": null,
    "username": "Emmanuel",
    "email": null,
    "group": 3,
    "superuser": false,
    "staff": false,
    "active": true,
    "date_joined": "2020-09-01T16:29:22.773Z"
  }
},
{
  "model": "user.user",
  "pk": 11,
  "fields": {
    "password": "pbkdf2_sha256$180000$RGb8Vv1gej53$C2R/EncRQQthtXEhWxBf1PuxBMUw1nfRTldgVUVWFZ8=",
    "last_login": null,
    "first_name": null,
    "last_name": null,
    "username": "AllyDai",
    "email": "allympwelea75@gmail.com",
    "group": 3,
    "superuser": false,
    "staff": false,
    "active": true,
    "date_joined": "2020-09-01T16:40:03.508Z"
  }
},
{
  "model": "user.user",
  "pk": 12,
  "fields": {
    "password": "pbkdf2_sha256$180000$lStJ6SSXzHbl$X+1yagdOvAUVvbwQWVnIx92YTE1+CYw+G8paxOc4ZHI=",
    "last_login": null,
    "first_name": null,
    "last_name": null,
    "username": "Sebastian",
    "email": "mwanaharakati40@gmail.com",
    "group": 3,
    "superuser": false,
    "staff": false,
    "active": true,
    "date_joined": "2020-09-02T07:06:10.993Z"
  }
},
{
  "model": "user.user",
  "pk": 13,
  "fields": {
    "password": "pbkdf2_sha256$180000$yp6cBCFlJ6Ja$Qe/MFzLVQYoYkj6CQaPdUUMXy/qTbD4UJr5+x9e3/p0=",
    "last_login": null,
    "first_name": null,
    "last_name": null,
    "username": "Erick",
    "email": "erynerick@gmail.com",
    "group": 3,
    "superuser": false,
    "staff": false,
    "active": true,
    "date_joined": "2020-09-02T07:09:45.521Z"
  }
},
{
  "model": "user.user",
  "pk": 14,
  "fields": {
    "password": "pbkdf2_sha256$180000$4JcrmmBFs0cj$mMBYmS3h932brAUpOaxKdV3YWwSWS+tTVd+T3aFFc9Q=",
    "last_login": null,
    "first_name": null,
    "last_name": null,
    "username": "MadamShani",
    "email": "shaniakomar123@gmail.com",
    "group": 3,
    "superuser": false,
    "staff": false,
    "active": true,
    "date_joined": "2020-09-02T08:40:50.006Z"
  }
},
{
  "model": "user.user",
  "pk": 15,
  "fields": {
    "password": "pbkdf2_sha256$180000$COFeRBQLyCUf$Vwn34Gl95Cv2/cIQ1Dnm6NEhRsESUFYUYTJ15SM+xDE=",
    "last_login": null,
    "first_name": null,
    "last_name": null,
    "username": "mkete",
    "email": "bucheyeb@gmail.com",
    "group": 3,
    "superuser": false,
    "staff": false,
    "active": true,
    "date_joined": "2020-09-02T09:34:14.912Z"
  }
},
{
  "model": "user.user",
  "pk": 16,
  "fields": {
    "password": "pbkdf2_sha256$180000$NCbA0tsnJG3S$ey9n9NIeTblHuLzsbCaGdEYwa7hLLHeNIYxRu0A3d5s=",
    "last_login": null,
    "first_name": null,
    "last_name": null,
    "username": "godfrey",
    "email": null,
    "group": 3,
    "superuser": false,
    "staff": false,
    "active": true,
    "date_joined": "2020-09-02T14:56:53.684Z"
  }
},
{
  "model": "user.user",
  "pk": 17,
  "fields": {
    "password": "pbkdf2_sha256$180000$VwgSuM86FAB2$yPsn8dc0aMuZWQ/QM9m5KkoOgE1pFROMVpD4DAzPXc0=",
    "last_login": null,
    "first_name": null,
    "last_name": null,
    "username": "Swabrina",
    "email": "swabrinah45@gmail.com",
    "group": 3,
    "superuser": false,
    "staff": false,
    "active": true,
    "date_joined": "2020-09-04T05:06:03.149Z"
  }
},
{
  "model": "user.user",
  "pk": 18,
  "fields": {
    "password": "pbkdf2_sha256$180000$Nl3dsrbcxPv5$2+I3/P9fLU4bl/bzqMgYtLbFu5ycmFMQzW61i3o72ug=",
    "last_login": null,
    "first_name": null,
    "last_name": null,
    "username": "GMFASHIONS",
    "email": "evamoshie7@gmail.com",
    "group": 3,
    "superuser": false,
    "staff": false,
    "active": true,
    "date_joined": "2020-09-04T13:10:47.435Z"
  }
},
{
  "model": "user.contact",
  "pk": 4,
  "fields": {
    "user": 5,
    "call": "255710003901",
    "whatsapp": "255710003901",
    "date_added": "2020-09-01T09:14:52.064Z",
    "date_modified": "2020-09-01T09:22:07.086Z"
  }
},
{
  "model": "user.contact",
  "pk": 5,
  "fields": {
    "user": 6,
    "call": "255654866658",
    "whatsapp": "255654866658",
    "date_added": "2020-09-01T14:28:28.619Z",
    "date_modified": "2020-09-01T16:39:03.470Z"
  }
},
{
  "model": "user.contact",
  "pk": 6,
  "fields": {
    "user": 7,
    "call": "255714004470",
    "whatsapp": "255714004470",
    "date_added": "2020-09-01T14:39:02.043Z",
    "date_modified": "2020-09-01T14:40:33.532Z"
  }
},
{
  "model": "user.contact",
  "pk": 7,
  "fields": {
    "user": 8,
    "call": "255764301360",
    "whatsapp": "255764301360",
    "date_added": "2020-09-01T15:56:23.173Z",
    "date_modified": "2020-09-01T15:57:09.996Z"
  }
},
{
  "model": "user.contact",
  "pk": 8,
  "fields": {
    "user": 9,
    "call": "255718934730",
    "whatsapp": "255718934730",
    "date_added": "2020-09-01T16:04:57.165Z",
    "date_modified": "2020-09-02T13:22:15.478Z"
  }
},
{
  "model": "user.contact",
  "pk": 9,
  "fields": {
    "user": 10,
    "call": "0672096094",
    "whatsapp": null,
    "date_added": "2020-09-01T16:29:22.781Z",
    "date_modified": "2020-09-01T16:29:22.781Z"
  }
},
{
  "model": "user.contact",
  "pk": 10,
  "fields": {
    "user": 11,
    "call": "255716684499",
    "whatsapp": "255716684499",
    "date_added": "2020-09-01T16:40:03.520Z",
    "date_modified": "2020-09-01T16:44:54.890Z"
  }
},
{
  "model": "user.contact",
  "pk": 11,
  "fields": {
    "user": 12,
    "call": "255627954492",
    "whatsapp": "255627954492",
    "date_added": "2020-09-02T07:06:11.016Z",
    "date_modified": "2020-09-02T07:08:26.995Z"
  }
},
{
  "model": "user.contact",
  "pk": 12,
  "fields": {
    "user": 13,
    "call": "255747661818",
    "whatsapp": "255747661818",
    "date_added": "2020-09-02T07:09:45.531Z",
    "date_modified": "2020-09-03T02:47:09.479Z"
  }
},
{
  "model": "user.contact",
  "pk": 13,
  "fields": {
    "user": 14,
    "call": "255621266351",
    "whatsapp": "255621266351",
    "date_added": "2020-09-02T08:40:50.015Z",
    "date_modified": "2020-09-02T08:41:29.748Z"
  }
},
{
  "model": "user.contact",
  "pk": 14,
  "fields": {
    "user": 15,
    "call": "255759513373",
    "whatsapp": "255759513373",
    "date_added": "2020-09-02T09:34:14.921Z",
    "date_modified": "2020-09-02T09:39:03.092Z"
  }
},
{
  "model": "user.contact",
  "pk": 15,
  "fields": {
    "user": 16,
    "call": "0672667707",
    "whatsapp": null,
    "date_added": "2020-09-02T14:56:53.692Z",
    "date_modified": "2020-09-02T14:56:53.692Z"
  }
},
{
  "model": "user.contact",
  "pk": 16,
  "fields": {
    "user": 17,
    "call": "255718166104",
    "whatsapp": "255718166104",
    "date_added": "2020-09-04T05:06:03.175Z",
    "date_modified": "2020-09-04T06:18:27.718Z"
  }
},
{
  "model": "user.contact",
  "pk": 17,
  "fields": {
    "user": 18,
    "call": "255715563942",
    "whatsapp": "255684454642",
    "date_added": "2020-09-04T13:10:47.457Z",
    "date_modified": "2020-09-04T13:12:26.146Z"
  }
},
{
  "model": "bussiness_post.bussinesspost",
  "pk": 7,
  "fields": {
    "bussiness": 4,
    "caption": "Fungua account yako post picha nzuri zitakazowavutia watumiaji wa mtandao wa windowshoppi.\nwindowshoppi; The smarter way",
    "active": true,
    "date_posted": "2020-09-01T09:24:35.170Z",
    "date_modified": "2020-09-01T09:24:35.170Z",
    "categories": []
  }
},
{
  "model": "bussiness_post.bussinesspost",
  "pk": 8,
  "fields": {
    "bussiness": 4,
    "caption": "Katika suala zima la fashion watu wengi wanatafuta mitoko mikali. Post picha kali za kijanja upate wateja wengi.\nwindowshoppi; The smarter way",
    "active": true,
    "date_posted": "2020-09-01T09:32:15.711Z",
    "date_modified": "2020-09-01T09:32:15.711Z",
    "categories": []
  }
},
{
  "model": "bussiness_post.bussinesspost",
  "pk": 9,
  "fields": {
    "bussiness": 4,
    "caption": "Wapostie kile watu wanatafuta. This is amazing. Men wear.\nwindowshoppi; The smarter way",
    "active": true,
    "date_posted": "2020-09-01T09:34:54.915Z",
    "date_modified": "2020-09-01T09:34:54.915Z",
    "categories": []
  }
},
{
  "model": "bussiness_post.bussinesspost",
  "pk": 10,
  "fields": {
    "bussiness": 4,
    "caption": "Women fashion, ladies wapo kila sehemu wanatafuta mavazi amazing. tupia picha kali za kijanja uuze mzigo wako.\nwindowshoppi; The smarter way",
    "active": true,
    "date_posted": "2020-09-01T09:37:17.576Z",
    "date_modified": "2020-09-01T09:37:17.576Z",
    "categories": []
  }
},
{
  "model": "bussiness_post.bussinesspost",
  "pk": 11,
  "fields": {
    "bussiness": 4,
    "caption": "Home Decor. Nyumba inabidi ipendeze kukupa furaha muda wote. watu wengi wanatafuta Decor quality. sasa post photos kali ili uwafikie wale big spender this season.\nwindowshoppi; The Smarter way",
    "active": true,
    "date_posted": "2020-09-01T09:40:44.524Z",
    "date_modified": "2020-09-01T09:40:44.524Z",
    "categories": []
  }
},
{
  "model": "bussiness_post.bussinesspost",
  "pk": 12,
  "fields": {
    "bussiness": 4,
    "caption": "Men wear. unajiuliza utawafikiaje na kuwashawishi wanaume wanaotaka pamba kali. Jibu ni post photos amazing uwafikie shoppers wa kutosha.\nwindowshoppi; The smarter way",
    "active": true,
    "date_posted": "2020-09-01T09:44:20.155Z",
    "date_modified": "2020-09-01T09:44:20.155Z",
    "categories": []
  }
},
{
  "model": "bussiness_post.bussinesspost",
  "pk": 13,
  "fields": {
    "bussiness": 4,
    "caption": "Women fashion. Wanawake wanatafuta mapigo amazing muda wote. Post photos amazing wakufikie kirahisi.\nwindowshoppi; The smarter way",
    "active": true,
    "date_posted": "2020-09-01T09:48:41.995Z",
    "date_modified": "2020-09-01T09:48:41.995Z",
    "categories": []
  }
},
{
  "model": "bussiness_post.bussinesspost",
  "pk": 14,
  "fields": {
    "bussiness": 4,
    "caption": "Fashion ni kitu kikubwa sana, watu wanatafuta bidhaa nzuri na za kijanja. Je unza bidhaa gani ya kupost leo kwenye account yako.\nwindowshoppi; The smarter way",
    "active": true,
    "date_posted": "2020-09-01T09:54:33.354Z",
    "date_modified": "2020-09-01T09:54:33.354Z",
    "categories": []
  }
},
{
  "model": "bussiness_post.bussinesspost",
  "pk": 15,
  "fields": {
    "bussiness": 4,
    "caption": "Men shoes. Wataalam wanasema muonekano wa mwanaume uanzia kwenye kiatu anachovaa. Post photos za viatu ulivyonavyo uwafikie men wengi nchi nzima.\nwindowshoppi; The smarter way",
    "active": true,
    "date_posted": "2020-09-01T09:57:44.442Z",
    "date_modified": "2020-09-01T09:57:44.442Z",
    "categories": []
  }
},
{
  "model": "bussiness_post.bussinesspost",
  "pk": 16,
  "fields": {
    "bussiness": 4,
    "caption": "Ladies fashion. Post picha amazing kwenye account yako ya windowshoppi uwafikie watu wengi.\nwindowshoppi; The smarter way",
    "active": true,
    "date_posted": "2020-09-01T10:00:26.074Z",
    "date_modified": "2020-09-01T10:00:26.074Z",
    "categories": []
  }
},
{
  "model": "bussiness_post.bussinesspost",
  "pk": 17,
  "fields": {
    "bussiness": 4,
    "caption": "Wale ma-designer wa majengo karibuni windowshoppi kuna watu wanatafuta design kali.\nwindowshoppi;The smarter way",
    "active": true,
    "date_posted": "2020-09-01T10:03:54.272Z",
    "date_modified": "2020-09-01T10:03:54.272Z",
    "categories": []
  }
},
{
  "model": "bussiness_post.bussinesspost",
  "pk": 18,
  "fields": {
    "bussiness": 4,
    "caption": "Post picha za bidhaa zako uwafikie watu wengi wanaotafuta ku-spend.\nwindowshoppi; the smarter way",
    "active": true,
    "date_posted": "2020-09-01T10:06:06.568Z",
    "date_modified": "2020-09-01T10:06:06.568Z",
    "categories": []
  }
},
{
  "model": "bussiness_post.bussinesspost",
  "pk": 19,
  "fields": {
    "bussiness": 4,
    "caption": "#Womenwear #Ladiesfashion\nwatu wengi wanaplan ku-spend kwa nguo nzuri. Post picha nzuri uwafikie wateja wengi",
    "active": true,
    "date_posted": "2020-09-01T10:16:03.994Z",
    "date_modified": "2020-09-01T10:16:03.994Z",
    "categories": []
  }
},
{
  "model": "bussiness_post.bussinesspost",
  "pk": 20,
  "fields": {
    "bussiness": 4,
    "caption": "Mpangilio mzuri uvutia watu wa aina zote. Iwe ni nyumbani, hotelini, mgahawani, ofisini na sehemu nyingine nyingi muonekano ni mzuri. Sasa wavutie watu waje kununua bidhaa nzuri ulizonazo kwa ku-post photos amazing.\nwindowshoppi; the smarter way",
    "active": true,
    "date_posted": "2020-09-01T10:19:53.960Z",
    "date_modified": "2020-09-01T10:19:53.960Z",
    "categories": []
  }
},
{
  "model": "bussiness_post.bussinesspost",
  "pk": 21,
  "fields": {
    "bussiness": 4,
    "caption": "#LadiesFashion #WomenWear\nPost picha amazing maana ladies wanapenda kuvaa nguo amazing.\nwindowshoppi; the smarter way",
    "active": true,
    "date_posted": "2020-09-01T10:25:11.994Z",
    "date_modified": "2020-09-01T10:25:11.994Z",
    "categories": []
  }
},
{
  "model": "bussiness_post.bussinesspost",
  "pk": 22,
  "fields": {
    "bussiness": 4,
    "caption": "#WomenHandBags\nPost photos amazing ili watu washawishike na bidhaa zako.\nMost people are looking things they want to plan spending. It can be now or in future.\nwindowshoppi; the smarter way",
    "active": true,
    "date_posted": "2020-09-01T10:31:32.370Z",
    "date_modified": "2020-09-01T10:31:32.370Z",
    "categories": []
  }
},
{
  "model": "bussiness_post.bussinesspost",
  "pk": 23,
  "fields": {
    "bussiness": 4,
    "caption": "#MenWear #PambaKali\nMen wanahitaji nguo classic, sasa wapostie picha amazing washawishike kufanya spending now.\nwindowshoppi; the smarter way",
    "active": true,
    "date_posted": "2020-09-01T10:34:35.990Z",
    "date_modified": "2020-09-01T10:34:35.990Z",
    "categories": []
  }
},
{
  "model": "bussiness_post.bussinesspost",
  "pk": 24,
  "fields": {
    "bussiness": 4,
    "caption": "#WomenFashion #PostPichaKali\nwafikie watu wengi kwa ku-posti picha kali kwenye account yako ya windowshoppi",
    "active": true,
    "date_posted": "2020-09-01T10:38:40.316Z",
    "date_modified": "2020-09-01T10:38:40.316Z",
    "categories": []
  }
},
{
  "model": "bussiness_post.bussinesspost",
  "pk": 25,
  "fields": {
    "bussiness": 4,
    "caption": "#Fashion #Wear \nWindowshoppi; the smarter way",
    "active": true,
    "date_posted": "2020-09-01T10:41:46.014Z",
    "date_modified": "2020-09-01T10:41:46.014Z",
    "categories": []
  }
},
{
  "model": "bussiness_post.bussinesspost",
  "pk": 26,
  "fields": {
    "bussiness": 5,
    "caption": "sharts  qwerty  size:M,L,XL,XXL \nusikose kutucheki upendeze  nasi",
    "active": true,
    "date_posted": "2020-09-01T14:37:29.806Z",
    "date_modified": "2020-09-01T14:37:29.806Z",
    "categories": []
  }
},
{
  "model": "bussiness_post.bussinesspost",
  "pk": 27,
  "fields": {
    "bussiness": 6,
    "caption": "jipatie kwa 19000\n0714004470",
    "active": true,
    "date_posted": "2020-09-01T14:42:01.791Z",
    "date_modified": "2020-09-01T14:42:01.791Z",
    "categories": []
  }
},
{
  "model": "bussiness_post.bussinesspost",
  "pk": 28,
  "fields": {
    "bussiness": 7,
    "caption": "FULL SET AVAILABLE\nSIZE; M,L,XL,XXL\nDELIVERY AVAILABLE\nKARIAKOO MUHONDA STREET",
    "active": true,
    "date_posted": "2020-09-01T15:59:55.837Z",
    "date_modified": "2020-09-01T15:59:55.837Z",
    "categories": []
  }
},
{
  "model": "bussiness_post.bussinesspost",
  "pk": 29,
  "fields": {
    "bussiness": 5,
    "caption": "ASK-ONLINE-SHOP \nCall & whatsup 0654866658\nDar es salaam unaletewa popote ulipo \nMikoa yote tunatuma kwa garama nafuu",
    "active": true,
    "date_posted": "2020-09-01T16:13:32.248Z",
    "date_modified": "2020-09-01T16:13:32.248Z",
    "categories": []
  }
},
{
  "model": "bussiness_post.bussinesspost",
  "pk": 30,
  "fields": {
    "bussiness": 8,
    "caption": "Duvet Available\nTsh 50,000/= unapata\nDuvet zito 1\nShuka 1 size 6/6\nForonya 2",
    "active": true,
    "date_posted": "2020-09-01T16:22:22.727Z",
    "date_modified": "2020-09-01T16:22:22.727Z",
    "categories": []
  }
},
{
  "model": "bussiness_post.bussinesspost",
  "pk": 31,
  "fields": {
    "bussiness": 9,
    "caption": "TAA NZURI ZENYE UBORA WA HALI YA JUU...",
    "active": true,
    "date_posted": "2020-09-01T16:34:19.519Z",
    "date_modified": "2020-09-01T16:34:19.519Z",
    "categories": []
  }
},
{
  "model": "bussiness_post.bussinesspost",
  "pk": 32,
  "fields": {
    "bussiness": 9,
    "caption": "available\nprice.40.000",
    "active": true,
    "date_posted": "2020-09-01T16:37:35.117Z",
    "date_modified": "2020-09-01T16:37:35.117Z",
    "categories": []
  }
},
{
  "model": "bussiness_post.bussinesspost",
  "pk": 33,
  "fields": {
    "bussiness": 9,
    "caption": "Available\nprice;65.000",
    "active": true,
    "date_posted": "2020-09-01T16:39:13.675Z",
    "date_modified": "2020-09-01T16:39:13.675Z",
    "categories": []
  }
},
{
  "model": "bussiness_post.bussinesspost",
  "pk": 34,
  "fields": {
    "bussiness": 9,
    "caption": "Available",
    "active": true,
    "date_posted": "2020-09-01T16:41:29.397Z",
    "date_modified": "2020-09-01T16:41:29.397Z",
    "categories": []
  }
},
{
  "model": "bussiness_post.bussinesspost",
  "pk": 35,
  "fields": {
    "bussiness": 9,
    "caption": "Available",
    "active": true,
    "date_posted": "2020-09-01T16:42:11.602Z",
    "date_modified": "2020-09-01T16:42:11.602Z",
    "categories": []
  }
},
{
  "model": "bussiness_post.bussinesspost",
  "pk": 36,
  "fields": {
    "bussiness": 10,
    "caption": "iPhone 7 earphone",
    "active": true,
    "date_posted": "2020-09-01T16:42:21.186Z",
    "date_modified": "2020-09-01T16:42:21.186Z",
    "categories": []
  }
},
{
  "model": "bussiness_post.bussinesspost",
  "pk": 37,
  "fields": {
    "bussiness": 8,
    "caption": "Set iliyokamili\nShuka 2 size 7/8\npazia 4 size metre 1.5 & metre 2.8\nforonya 4\nSh 100,000/= tu",
    "active": true,
    "date_posted": "2020-09-01T16:48:04.956Z",
    "date_modified": "2020-09-01T16:48:04.956Z",
    "categories": []
  }
},
{
  "model": "bussiness_post.bussinesspost",
  "pk": 38,
  "fields": {
    "bussiness": 11,
    "caption": "quality handbag \nprice 45000/= karibu delivery ipo",
    "active": true,
    "date_posted": "2020-09-02T07:11:09.959Z",
    "date_modified": "2020-09-02T07:11:09.959Z",
    "categories": []
  }
},
{
  "model": "bussiness_post.bussinesspost",
  "pk": 39,
  "fields": {
    "bussiness": 11,
    "caption": "quality bags for women \nprice 45000/= delivery ipo karibuu",
    "active": true,
    "date_posted": "2020-09-02T07:31:08.089Z",
    "date_modified": "2020-09-02T07:31:08.089Z",
    "categories": []
  }
},
{
  "model": "bussiness_post.bussinesspost",
  "pk": 40,
  "fields": {
    "bussiness": 14,
    "caption": "art nzuri kwa urembo wa nyumba\n\nelephart painting",
    "active": true,
    "date_posted": "2020-09-02T09:57:58.466Z",
    "date_modified": "2020-09-02T09:57:58.466Z",
    "categories": []
  }
},
{
  "model": "bussiness_post.bussinesspost",
  "pk": 41,
  "fields": {
    "bussiness": 14,
    "caption": "bei maelewano\n\ntupigie au chati na sisi",
    "active": true,
    "date_posted": "2020-09-02T10:00:17.093Z",
    "date_modified": "2020-09-02T10:00:17.093Z",
    "categories": []
  }
},
{
  "model": "bussiness_post.bussinesspost",
  "pk": 42,
  "fields": {
    "bussiness": 14,
    "caption": "bei maelewano\n\nwasiliana nasi",
    "active": true,
    "date_posted": "2020-09-02T10:02:06.631Z",
    "date_modified": "2020-09-02T10:02:06.631Z",
    "categories": []
  }
},
{
  "model": "bussiness_post.bussinesspost",
  "pk": 44,
  "fields": {
    "bussiness": 14,
    "caption": "wasiliana nasi kwa picha nzuri",
    "active": true,
    "date_posted": "2020-09-02T10:04:21.883Z",
    "date_modified": "2020-09-02T10:04:21.883Z",
    "categories": []
  }
},
{
  "model": "bussiness_post.bussinesspost",
  "pk": 45,
  "fields": {
    "bussiness": 6,
    "caption": "25000 jumla\nreja 27000\n0714004470",
    "active": true,
    "date_posted": "2020-09-02T11:28:37.911Z",
    "date_modified": "2020-09-02T11:28:37.911Z",
    "categories": []
  }
},
{
  "model": "bussiness_post.bussinesspost",
  "pk": 46,
  "fields": {
    "bussiness": 14,
    "caption": "picha nzuri za kuchora kwa bei nafuu",
    "active": true,
    "date_posted": "2020-09-02T11:56:33.683Z",
    "date_modified": "2020-09-02T11:56:33.683Z",
    "categories": []
  }
},
{
  "model": "bussiness_post.bussinesspost",
  "pk": 47,
  "fields": {
    "bussiness": 14,
    "caption": "wasiliana nasi",
    "active": true,
    "date_posted": "2020-09-02T11:58:03.047Z",
    "date_modified": "2020-09-02T11:58:03.047Z",
    "categories": []
  }
},
{
  "model": "bussiness_post.bussinesspost",
  "pk": 48,
  "fields": {
    "bussiness": 8,
    "caption": "Sofer cover Available\nFull set 3:2:1:1 + foronya 7\nKwa sh 200,000/= tu",
    "active": true,
    "date_posted": "2020-09-02T13:26:39.762Z",
    "date_modified": "2020-09-02T13:26:39.762Z",
    "categories": []
  }
},
{
  "model": "bussiness_post.bussinesspost",
  "pk": 49,
  "fields": {
    "bussiness": 8,
    "caption": "Blanket Available",
    "active": true,
    "date_posted": "2020-09-02T16:42:31.570Z",
    "date_modified": "2020-09-02T16:42:31.570Z",
    "categories": []
  }
},
{
  "model": "bussiness_post.bussinesspost",
  "pk": 50,
  "fields": {
    "bussiness": 12,
    "caption": "Size:27-34",
    "active": true,
    "date_posted": "2020-09-03T02:48:35.698Z",
    "date_modified": "2020-09-03T02:48:35.698Z",
    "categories": []
  }
},
{
  "model": "bussiness_post.bussinesspost",
  "pk": 51,
  "fields": {
    "bussiness": 12,
    "caption": "Vaa Pendeza",
    "active": true,
    "date_posted": "2020-09-03T02:50:11.544Z",
    "date_modified": "2020-09-03T02:50:11.544Z",
    "categories": []
  }
},
{
  "model": "bussiness_post.bussinesspost",
  "pk": 52,
  "fields": {
    "bussiness": 14,
    "caption": "picha nzuri kwa bei poa",
    "active": true,
    "date_posted": "2020-09-03T14:04:37.799Z",
    "date_modified": "2020-09-03T14:04:37.799Z",
    "categories": []
  }
},
{
  "model": "bussiness_post.bussinesspost",
  "pk": 53,
  "fields": {
    "bussiness": 14,
    "caption": "bei mawasiliano, karibu wote",
    "active": true,
    "date_posted": "2020-09-03T14:05:12.703Z",
    "date_modified": "2020-09-03T14:05:12.703Z",
    "categories": []
  }
},
{
  "model": "bussiness_post.bussinesspost",
  "pk": 54,
  "fields": {
    "bussiness": 9,
    "caption": "CCTV camera bulb\nprice:150.000",
    "active": true,
    "date_posted": "2020-09-03T14:14:33.577Z",
    "date_modified": "2020-09-03T14:14:33.577Z",
    "categories": []
  }
},
{
  "model": "bussiness_post.bussinesspost",
  "pk": 55,
  "fields": {
    "bussiness": 9,
    "caption": "Available",
    "active": true,
    "date_posted": "2020-09-03T14:15:04.027Z",
    "date_modified": "2020-09-03T14:15:04.027Z",
    "categories": []
  }
},
{
  "model": "bussiness_post.bussinesspost",
  "pk": 56,
  "fields": {
    "bussiness": 9,
    "caption": "TAA za mikanda",
    "active": true,
    "date_posted": "2020-09-03T14:16:41.174Z",
    "date_modified": "2020-09-03T14:16:41.174Z",
    "categories": []
  }
},
{
  "model": "bussiness_post.bussinesspost",
  "pk": 57,
  "fields": {
    "bussiness": 8,
    "caption": "Vikoi kutoka uganda\nSize Metre 2\nRejareja 15,000/=\nJumla 10,000/= kuanzia pic 10",
    "active": true,
    "date_posted": "2020-09-04T09:05:16.114Z",
    "date_modified": "2020-09-04T09:05:16.114Z",
    "categories": []
  }
},
{
  "model": "bussiness_post.postimage",
  "pk": 13,
  "fields": {
    "post": 7,
    "filename": "post_pics/image_1_1598952265435.jpg"
  }
},
{
  "model": "bussiness_post.postimage",
  "pk": 14,
  "fields": {
    "post": 7,
    "filename": "post_pics/image_2_1598952265579.jpg"
  }
},
{
  "model": "bussiness_post.postimage",
  "pk": 15,
  "fields": {
    "post": 7,
    "filename": "post_pics/image_3_1598952265696.jpg"
  }
},
{
  "model": "bussiness_post.postimage",
  "pk": 16,
  "fields": {
    "post": 8,
    "filename": "post_pics/image_1_1598952729252.jpg"
  }
},
{
  "model": "bussiness_post.postimage",
  "pk": 17,
  "fields": {
    "post": 8,
    "filename": "post_pics/image_2_1598952729563.jpg"
  }
},
{
  "model": "bussiness_post.postimage",
  "pk": 18,
  "fields": {
    "post": 8,
    "filename": "post_pics/image_3_1598952729659.jpg"
  }
},
{
  "model": "bussiness_post.postimage",
  "pk": 19,
  "fields": {
    "post": 9,
    "filename": "post_pics/image_1_1598952889539.jpg"
  }
},
{
  "model": "bussiness_post.postimage",
  "pk": 20,
  "fields": {
    "post": 9,
    "filename": "post_pics/image_2_1598952889947.jpg"
  }
},
{
  "model": "bussiness_post.postimage",
  "pk": 21,
  "fields": {
    "post": 10,
    "filename": "post_pics/image_1_1598953031694.jpg"
  }
},
{
  "model": "bussiness_post.postimage",
  "pk": 22,
  "fields": {
    "post": 10,
    "filename": "post_pics/image_2_1598953032007.jpg"
  }
},
{
  "model": "bussiness_post.postimage",
  "pk": 23,
  "fields": {
    "post": 10,
    "filename": "post_pics/image_3_1598953032632.jpg"
  }
},
{
  "model": "bussiness_post.postimage",
  "pk": 24,
  "fields": {
    "post": 11,
    "filename": "post_pics/image_1_1598953240789.jpg"
  }
},
{
  "model": "bussiness_post.postimage",
  "pk": 25,
  "fields": {
    "post": 11,
    "filename": "post_pics/image_2_1598953240983.jpg"
  }
},
{
  "model": "bussiness_post.postimage",
  "pk": 26,
  "fields": {
    "post": 12,
    "filename": "post_pics/image_1_1598953453112.jpg"
  }
},
{
  "model": "bussiness_post.postimage",
  "pk": 27,
  "fields": {
    "post": 12,
    "filename": "post_pics/image_2_1598953453519.jpg"
  }
},
{
  "model": "bussiness_post.postimage",
  "pk": 28,
  "fields": {
    "post": 12,
    "filename": "post_pics/image_3_1598953453805.jpg"
  }
},
{
  "model": "bussiness_post.postimage",
  "pk": 29,
  "fields": {
    "post": 13,
    "filename": "post_pics/image_1_1598953718473.jpg"
  }
},
{
  "model": "bussiness_post.postimage",
  "pk": 30,
  "fields": {
    "post": 13,
    "filename": "post_pics/image_2_1598953718876.jpg"
  }
},
{
  "model": "bussiness_post.postimage",
  "pk": 31,
  "fields": {
    "post": 13,
    "filename": "post_pics/image_3_1598953719162.jpg"
  }
},
{
  "model": "bussiness_post.postimage",
  "pk": 32,
  "fields": {
    "post": 14,
    "filename": "post_pics/image_1_1598954058987.jpg"
  }
},
{
  "model": "bussiness_post.postimage",
  "pk": 33,
  "fields": {
    "post": 14,
    "filename": "post_pics/image_2_1598954059317.jpg"
  }
},
{
  "model": "bussiness_post.postimage",
  "pk": 34,
  "fields": {
    "post": 14,
    "filename": "post_pics/image_3_1598954059488.jpg"
  }
},
{
  "model": "bussiness_post.postimage",
  "pk": 35,
  "fields": {
    "post": 14,
    "filename": "post_pics/image_4_1598954059755.jpg"
  }
},
{
  "model": "bussiness_post.postimage",
  "pk": 36,
  "fields": {
    "post": 15,
    "filename": "post_pics/image_1_1598954259260.jpg"
  }
},
{
  "model": "bussiness_post.postimage",
  "pk": 37,
  "fields": {
    "post": 15,
    "filename": "post_pics/image_2_1598954259587.jpg"
  }
},
{
  "model": "bussiness_post.postimage",
  "pk": 38,
  "fields": {
    "post": 15,
    "filename": "post_pics/image_3_1598954259813.jpg"
  }
},
{
  "model": "bussiness_post.postimage",
  "pk": 39,
  "fields": {
    "post": 16,
    "filename": "post_pics/image_1_1598954422146.jpg"
  }
},
{
  "model": "bussiness_post.postimage",
  "pk": 40,
  "fields": {
    "post": 16,
    "filename": "post_pics/image_2_1598954422565.jpg"
  }
},
{
  "model": "bussiness_post.postimage",
  "pk": 41,
  "fields": {
    "post": 16,
    "filename": "post_pics/image_3_1598954422737.jpg"
  }
},
{
  "model": "bussiness_post.postimage",
  "pk": 42,
  "fields": {
    "post": 17,
    "filename": "post_pics/image_1_1598954631857.jpg"
  }
},
{
  "model": "bussiness_post.postimage",
  "pk": 43,
  "fields": {
    "post": 17,
    "filename": "post_pics/image_2_1598954631992.jpg"
  }
},
{
  "model": "bussiness_post.postimage",
  "pk": 44,
  "fields": {
    "post": 18,
    "filename": "post_pics/image_1_1598954760941.jpg"
  }
},
{
  "model": "bussiness_post.postimage",
  "pk": 45,
  "fields": {
    "post": 18,
    "filename": "post_pics/image_2_1598954761280.jpg"
  }
},
{
  "model": "bussiness_post.postimage",
  "pk": 46,
  "fields": {
    "post": 19,
    "filename": "post_pics/image_1_1598955350905.jpg"
  }
},
{
  "model": "bussiness_post.postimage",
  "pk": 47,
  "fields": {
    "post": 19,
    "filename": "post_pics/image_2_1598955351248.jpg"
  }
},
{
  "model": "bussiness_post.postimage",
  "pk": 48,
  "fields": {
    "post": 19,
    "filename": "post_pics/image_3_1598955351513.jpg"
  }
},
{
  "model": "bussiness_post.postimage",
  "pk": 49,
  "fields": {
    "post": 20,
    "filename": "post_pics/image_1_1598955591304.jpg"
  }
},
{
  "model": "bussiness_post.postimage",
  "pk": 50,
  "fields": {
    "post": 21,
    "filename": "post_pics/image_1_1598955907850.jpg"
  }
},
{
  "model": "bussiness_post.postimage",
  "pk": 51,
  "fields": {
    "post": 21,
    "filename": "post_pics/image_2_1598955908123.jpg"
  }
},
{
  "model": "bussiness_post.postimage",
  "pk": 52,
  "fields": {
    "post": 22,
    "filename": "post_pics/image_1_1598956287674.jpg"
  }
},
{
  "model": "bussiness_post.postimage",
  "pk": 53,
  "fields": {
    "post": 22,
    "filename": "post_pics/image_2_1598956287838.jpg"
  }
},
{
  "model": "bussiness_post.postimage",
  "pk": 54,
  "fields": {
    "post": 22,
    "filename": "post_pics/image_3_1598956287968.jpg"
  }
},
{
  "model": "bussiness_post.postimage",
  "pk": 55,
  "fields": {
    "post": 23,
    "filename": "post_pics/image_1_1598956466978.jpg"
  }
},
{
  "model": "bussiness_post.postimage",
  "pk": 56,
  "fields": {
    "post": 23,
    "filename": "post_pics/image_2_1598956467307.jpg"
  }
},
{
  "model": "bussiness_post.postimage",
  "pk": 57,
  "fields": {
    "post": 23,
    "filename": "post_pics/image_3_1598956467614.jpg"
  }
},
{
  "model": "bussiness_post.postimage",
  "pk": 58,
  "fields": {
    "post": 24,
    "filename": "post_pics/image_1_1598956715554.jpg"
  }
},
{
  "model": "bussiness_post.postimage",
  "pk": 59,
  "fields": {
    "post": 24,
    "filename": "post_pics/image_2_1598956715806.jpg"
  }
},
{
  "model": "bussiness_post.postimage",
  "pk": 60,
  "fields": {
    "post": 24,
    "filename": "post_pics/image_3_1598956716011.jpg"
  }
},
{
  "model": "bussiness_post.postimage",
  "pk": 61,
  "fields": {
    "post": 25,
    "filename": "post_pics/image_1_1598956903019.jpg"
  }
},
{
  "model": "bussiness_post.postimage",
  "pk": 62,
  "fields": {
    "post": 25,
    "filename": "post_pics/image_2_1598956903363.jpg"
  }
},
{
  "model": "bussiness_post.postimage",
  "pk": 63,
  "fields": {
    "post": 26,
    "filename": "post_pics/image_1_1598970926232.jpg"
  }
},
{
  "model": "bussiness_post.postimage",
  "pk": 64,
  "fields": {
    "post": 26,
    "filename": "post_pics/image_2_1598970926402.jpg"
  }
},
{
  "model": "bussiness_post.postimage",
  "pk": 65,
  "fields": {
    "post": 26,
    "filename": "post_pics/image_3_1598970926616.jpg"
  }
},
{
  "model": "bussiness_post.postimage",
  "pk": 66,
  "fields": {
    "post": 27,
    "filename": "post_pics/image_1_1598971318871.jpg"
  }
},
{
  "model": "bussiness_post.postimage",
  "pk": 67,
  "fields": {
    "post": 27,
    "filename": "post_pics/image_2_1598971319312.jpg"
  }
},
{
  "model": "bussiness_post.postimage",
  "pk": 68,
  "fields": {
    "post": 28,
    "filename": "post_pics/image_1_1598975953933.jpg"
  }
},
{
  "model": "bussiness_post.postimage",
  "pk": 69,
  "fields": {
    "post": 28,
    "filename": "post_pics/image_2_1598975955292.jpg"
  }
},
{
  "model": "bussiness_post.postimage",
  "pk": 70,
  "fields": {
    "post": 28,
    "filename": "post_pics/image_3_1598975956500.jpg"
  }
},
{
  "model": "bussiness_post.postimage",
  "pk": 71,
  "fields": {
    "post": 28,
    "filename": "post_pics/image_4_1598975957825.jpg"
  }
},
{
  "model": "bussiness_post.postimage",
  "pk": 72,
  "fields": {
    "post": 28,
    "filename": "post_pics/image_5_1598975959083.jpg"
  }
},
{
  "model": "bussiness_post.postimage",
  "pk": 73,
  "fields": {
    "post": 28,
    "filename": "post_pics/image_6_1598975960290.jpg"
  }
},
{
  "model": "bussiness_post.postimage",
  "pk": 74,
  "fields": {
    "post": 28,
    "filename": "post_pics/image_7_1598975961473.jpg"
  }
},
{
  "model": "bussiness_post.postimage",
  "pk": 75,
  "fields": {
    "post": 28,
    "filename": "post_pics/image_8_1598975962634.jpg"
  }
},
{
  "model": "bussiness_post.postimage",
  "pk": 76,
  "fields": {
    "post": 29,
    "filename": "post_pics/image_1_1598976807326.jpg"
  }
},
{
  "model": "bussiness_post.postimage",
  "pk": 77,
  "fields": {
    "post": 29,
    "filename": "post_pics/image_2_1598976807468.jpg"
  }
},
{
  "model": "bussiness_post.postimage",
  "pk": 78,
  "fields": {
    "post": 29,
    "filename": "post_pics/image_3_1598976807608.jpg"
  }
},
{
  "model": "bussiness_post.postimage",
  "pk": 79,
  "fields": {
    "post": 29,
    "filename": "post_pics/image_4_1598976807756.jpg"
  }
},
{
  "model": "bussiness_post.postimage",
  "pk": 80,
  "fields": {
    "post": 29,
    "filename": "post_pics/image_5_1598976807898.jpg"
  }
},
{
  "model": "bussiness_post.postimage",
  "pk": 81,
  "fields": {
    "post": 29,
    "filename": "post_pics/image_6_1598976808016.jpg"
  }
},
{
  "model": "bussiness_post.postimage",
  "pk": 82,
  "fields": {
    "post": 29,
    "filename": "post_pics/image_7_1598976808149.jpg"
  }
},
{
  "model": "bussiness_post.postimage",
  "pk": 83,
  "fields": {
    "post": 29,
    "filename": "post_pics/image_8_1598976808282.jpg"
  }
},
{
  "model": "bussiness_post.postimage",
  "pk": 84,
  "fields": {
    "post": 29,
    "filename": "post_pics/image_9_1598976808404.jpg"
  }
},
{
  "model": "bussiness_post.postimage",
  "pk": 85,
  "fields": {
    "post": 29,
    "filename": "post_pics/image_10_1598976808535.jpg"
  }
},
{
  "model": "bussiness_post.postimage",
  "pk": 86,
  "fields": {
    "post": 30,
    "filename": "post_pics/image_1_1598977320397.jpg"
  }
},
{
  "model": "bussiness_post.postimage",
  "pk": 87,
  "fields": {
    "post": 30,
    "filename": "post_pics/image_2_1598977325216.jpg"
  }
},
{
  "model": "bussiness_post.postimage",
  "pk": 88,
  "fields": {
    "post": 30,
    "filename": "post_pics/image_3_1598977326016.jpg"
  }
},
{
  "model": "bussiness_post.postimage",
  "pk": 89,
  "fields": {
    "post": 30,
    "filename": "post_pics/image_4_1598977327397.jpg"
  }
},
{
  "model": "bussiness_post.postimage",
  "pk": 90,
  "fields": {
    "post": 30,
    "filename": "post_pics/image_5_1598977328696.jpg"
  }
},
{
  "model": "bussiness_post.postimage",
  "pk": 91,
  "fields": {
    "post": 30,
    "filename": "post_pics/image_6_1598977332025.jpg"
  }
},
{
  "model": "bussiness_post.postimage",
  "pk": 92,
  "fields": {
    "post": 31,
    "filename": "post_pics/image_1_1598978048172.jpg"
  }
},
{
  "model": "bussiness_post.postimage",
  "pk": 93,
  "fields": {
    "post": 31,
    "filename": "post_pics/image_2_1598978048379.jpg"
  }
},
{
  "model": "bussiness_post.postimage",
  "pk": 94,
  "fields": {
    "post": 31,
    "filename": "post_pics/image_3_1598978048541.jpg"
  }
},
{
  "model": "bussiness_post.postimage",
  "pk": 95,
  "fields": {
    "post": 31,
    "filename": "post_pics/image_4_1598978048693.jpg"
  }
},
{
  "model": "bussiness_post.postimage",
  "pk": 96,
  "fields": {
    "post": 31,
    "filename": "post_pics/image_5_1598978048812.jpg"
  }
},
{
  "model": "bussiness_post.postimage",
  "pk": 97,
  "fields": {
    "post": 31,
    "filename": "post_pics/image_6_1598978050984.jpg"
  }
},
{
  "model": "bussiness_post.postimage",
  "pk": 98,
  "fields": {
    "post": 31,
    "filename": "post_pics/image_7_1598978051116.jpg"
  }
},
{
  "model": "bussiness_post.postimage",
  "pk": 99,
  "fields": {
    "post": 31,
    "filename": "post_pics/image_8_1598978051249.jpg"
  }
},
{
  "model": "bussiness_post.postimage",
  "pk": 100,
  "fields": {
    "post": 31,
    "filename": "post_pics/image_9_1598978051397.jpg"
  }
},
{
  "model": "bussiness_post.postimage",
  "pk": 101,
  "fields": {
    "post": 31,
    "filename": "post_pics/image_10_1598978051578.jpg"
  }
},
{
  "model": "bussiness_post.postimage",
  "pk": 102,
  "fields": {
    "post": 32,
    "filename": "post_pics/image_1_1598978249823.jpg"
  }
},
{
  "model": "bussiness_post.postimage",
  "pk": 103,
  "fields": {
    "post": 33,
    "filename": "post_pics/image_1_1598978344516.jpg"
  }
},
{
  "model": "bussiness_post.postimage",
  "pk": 104,
  "fields": {
    "post": 34,
    "filename": "post_pics/image_1_1598978482745.jpg"
  }
},
{
  "model": "bussiness_post.postimage",
  "pk": 105,
  "fields": {
    "post": 35,
    "filename": "post_pics/image_1_1598978527366.jpg"
  }
},
{
  "model": "bussiness_post.postimage",
  "pk": 106,
  "fields": {
    "post": 36,
    "filename": "post_pics/image_1_1598978537321.jpg"
  }
},
{
  "model": "bussiness_post.postimage",
  "pk": 107,
  "fields": {
    "post": 36,
    "filename": "post_pics/image_2_1598978537602.jpg"
  }
},
{
  "model": "bussiness_post.postimage",
  "pk": 108,
  "fields": {
    "post": 36,
    "filename": "post_pics/image_3_1598978537772.jpg"
  }
},
{
  "model": "bussiness_post.postimage",
  "pk": 109,
  "fields": {
    "post": 37,
    "filename": "post_pics/image_1_1598978878417.jpg"
  }
},
{
  "model": "bussiness_post.postimage",
  "pk": 110,
  "fields": {
    "post": 37,
    "filename": "post_pics/image_2_1598978879272.jpg"
  }
},
{
  "model": "bussiness_post.postimage",
  "pk": 111,
  "fields": {
    "post": 37,
    "filename": "post_pics/image_3_1598978879724.jpg"
  }
},
{
  "model": "bussiness_post.postimage",
  "pk": 112,
  "fields": {
    "post": 37,
    "filename": "post_pics/image_4_1598978879936.jpg"
  }
},
{
  "model": "bussiness_post.postimage",
  "pk": 113,
  "fields": {
    "post": 38,
    "filename": "post_pics/image_1_1599030599005.jpg"
  }
},
{
  "model": "bussiness_post.postimage",
  "pk": 114,
  "fields": {
    "post": 38,
    "filename": "post_pics/image_2_1599030599459.jpg"
  }
},
{
  "model": "bussiness_post.postimage",
  "pk": 115,
  "fields": {
    "post": 38,
    "filename": "post_pics/image_3_1599030599749.jpg"
  }
},
{
  "model": "bussiness_post.postimage",
  "pk": 116,
  "fields": {
    "post": 38,
    "filename": "post_pics/image_4_1599030600052.jpg"
  }
},
{
  "model": "bussiness_post.postimage",
  "pk": 117,
  "fields": {
    "post": 38,
    "filename": "post_pics/image_5_1599030600371.jpg"
  }
},
{
  "model": "bussiness_post.postimage",
  "pk": 118,
  "fields": {
    "post": 38,
    "filename": "post_pics/image_6_1599030600659.jpg"
  }
},
{
  "model": "bussiness_post.postimage",
  "pk": 119,
  "fields": {
    "post": 38,
    "filename": "post_pics/image_7_1599030601002.jpg"
  }
},
{
  "model": "bussiness_post.postimage",
  "pk": 120,
  "fields": {
    "post": 39,
    "filename": "post_pics/image_1_1599031840563.jpg"
  }
},
{
  "model": "bussiness_post.postimage",
  "pk": 121,
  "fields": {
    "post": 39,
    "filename": "post_pics/image_2_1599031840945.jpg"
  }
},
{
  "model": "bussiness_post.postimage",
  "pk": 122,
  "fields": {
    "post": 39,
    "filename": "post_pics/image_3_1599031841194.jpg"
  }
},
{
  "model": "bussiness_post.postimage",
  "pk": 123,
  "fields": {
    "post": 39,
    "filename": "post_pics/image_4_1599031841433.jpg"
  }
},
{
  "model": "bussiness_post.postimage",
  "pk": 124,
  "fields": {
    "post": 39,
    "filename": "post_pics/image_5_1599031841675.jpg"
  }
},
{
  "model": "bussiness_post.postimage",
  "pk": 125,
  "fields": {
    "post": 39,
    "filename": "post_pics/image_6_1599031841909.jpg"
  }
},
{
  "model": "bussiness_post.postimage",
  "pk": 126,
  "fields": {
    "post": 39,
    "filename": "post_pics/image_7_1599031842166.jpg"
  }
},
{
  "model": "bussiness_post.postimage",
  "pk": 127,
  "fields": {
    "post": 39,
    "filename": "post_pics/image_8_1599031842435.jpg"
  }
},
{
  "model": "bussiness_post.postimage",
  "pk": 128,
  "fields": {
    "post": 40,
    "filename": "post_pics/image_1_1599040675802.jpg"
  }
},
{
  "model": "bussiness_post.postimage",
  "pk": 129,
  "fields": {
    "post": 41,
    "filename": "post_pics/image_1_1599040805202.jpg"
  }
},
{
  "model": "bussiness_post.postimage",
  "pk": 130,
  "fields": {
    "post": 41,
    "filename": "post_pics/image_2_1599040805366.jpg"
  }
},
{
  "model": "bussiness_post.postimage",
  "pk": 131,
  "fields": {
    "post": 42,
    "filename": "post_pics/image_1_1599040891005.jpg"
  }
},
{
  "model": "bussiness_post.postimage",
  "pk": 132,
  "fields": {
    "post": 42,
    "filename": "post_pics/image_2_1599040891232.jpg"
  }
},
{
  "model": "bussiness_post.postimage",
  "pk": 133,
  "fields": {
    "post": 42,
    "filename": "post_pics/image_3_1599040891361.jpg"
  }
},
{
  "model": "bussiness_post.postimage",
  "pk": 134,
  "fields": {
    "post": 42,
    "filename": "post_pics/image_4_1599040891809.jpg"
  }
},
{
  "model": "bussiness_post.postimage",
  "pk": 135,
  "fields": {
    "post": 42,
    "filename": "post_pics/image_5_1599040892018.jpg"
  }
},
{
  "model": "bussiness_post.postimage",
  "pk": 139,
  "fields": {
    "post": 44,
    "filename": "post_pics/image_1_1599041058374.jpg"
  }
},
{
  "model": "bussiness_post.postimage",
  "pk": 140,
  "fields": {
    "post": 45,
    "filename": "post_pics/image_1_1599046108616.jpg"
  }
},
{
  "model": "bussiness_post.postimage",
  "pk": 141,
  "fields": {
    "post": 45,
    "filename": "post_pics/image_2_1599046109035.jpg"
  }
},
{
  "model": "bussiness_post.postimage",
  "pk": 142,
  "fields": {
    "post": 45,
    "filename": "post_pics/image_3_1599046109194.jpg"
  }
},
{
  "model": "bussiness_post.postimage",
  "pk": 143,
  "fields": {
    "post": 45,
    "filename": "post_pics/image_4_1599046109460.jpg"
  }
},
{
  "model": "bussiness_post.postimage",
  "pk": 144,
  "fields": {
    "post": 45,
    "filename": "post_pics/image_5_1599046109740.jpg"
  }
},
{
  "model": "bussiness_post.postimage",
  "pk": 145,
  "fields": {
    "post": 45,
    "filename": "post_pics/image_6_1599046110238.jpg"
  }
},
{
  "model": "bussiness_post.postimage",
  "pk": 146,
  "fields": {
    "post": 45,
    "filename": "post_pics/image_7_1599046110528.jpg"
  }
},
{
  "model": "bussiness_post.postimage",
  "pk": 147,
  "fields": {
    "post": 45,
    "filename": "post_pics/image_8_1599046110878.jpg"
  }
},
{
  "model": "bussiness_post.postimage",
  "pk": 148,
  "fields": {
    "post": 45,
    "filename": "post_pics/image_9_1599046111222.jpg"
  }
},
{
  "model": "bussiness_post.postimage",
  "pk": 149,
  "fields": {
    "post": 45,
    "filename": "post_pics/image_10_1599046111739.jpg"
  }
},
{
  "model": "bussiness_post.postimage",
  "pk": 150,
  "fields": {
    "post": 46,
    "filename": "post_pics/image_1_1599047787873.jpg"
  }
},
{
  "model": "bussiness_post.postimage",
  "pk": 151,
  "fields": {
    "post": 46,
    "filename": "post_pics/image_2_1599047788371.jpg"
  }
},
{
  "model": "bussiness_post.postimage",
  "pk": 152,
  "fields": {
    "post": 46,
    "filename": "post_pics/image_3_1599047788639.jpg"
  }
},
{
  "model": "bussiness_post.postimage",
  "pk": 153,
  "fields": {
    "post": 46,
    "filename": "post_pics/image_4_1599047788802.jpg"
  }
},
{
  "model": "bussiness_post.postimage",
  "pk": 154,
  "fields": {
    "post": 47,
    "filename": "post_pics/image_1_1599047878052.jpg"
  }
},
{
  "model": "bussiness_post.postimage",
  "pk": 155,
  "fields": {
    "post": 47,
    "filename": "post_pics/image_2_1599047878563.jpg"
  }
},
{
  "model": "bussiness_post.postimage",
  "pk": 156,
  "fields": {
    "post": 48,
    "filename": "post_pics/image_1_1599053174281.jpg"
  }
},
{
  "model": "bussiness_post.postimage",
  "pk": 157,
  "fields": {
    "post": 48,
    "filename": "post_pics/image_2_1599053176625.jpg"
  }
},
{
  "model": "bussiness_post.postimage",
  "pk": 158,
  "fields": {
    "post": 48,
    "filename": "post_pics/image_3_1599053177164.jpg"
  }
},
{
  "model": "bussiness_post.postimage",
  "pk": 159,
  "fields": {
    "post": 48,
    "filename": "post_pics/image_4_1599053177616.jpg"
  }
},
{
  "model": "bussiness_post.postimage",
  "pk": 160,
  "fields": {
    "post": 48,
    "filename": "post_pics/image_5_1599053178089.jpg"
  }
},
{
  "model": "bussiness_post.postimage",
  "pk": 161,
  "fields": {
    "post": 48,
    "filename": "post_pics/image_6_1599053178546.jpg"
  }
},
{
  "model": "bussiness_post.postimage",
  "pk": 162,
  "fields": {
    "post": 48,
    "filename": "post_pics/image_7_1599053179043.jpg"
  }
},
{
  "model": "bussiness_post.postimage",
  "pk": 163,
  "fields": {
    "post": 48,
    "filename": "post_pics/image_8_1599053179495.jpg"
  }
},
{
  "model": "bussiness_post.postimage",
  "pk": 164,
  "fields": {
    "post": 48,
    "filename": "post_pics/image_9_1599053180037.jpg"
  }
},
{
  "model": "bussiness_post.postimage",
  "pk": 165,
  "fields": {
    "post": 48,
    "filename": "post_pics/image_10_1599053180380.jpg"
  }
},
{
  "model": "bussiness_post.postimage",
  "pk": 166,
  "fields": {
    "post": 49,
    "filename": "post_pics/image_1_1599064944676.jpg"
  }
},
{
  "model": "bussiness_post.postimage",
  "pk": 167,
  "fields": {
    "post": 50,
    "filename": "post_pics/image_1_1599101312749.jpg"
  }
},
{
  "model": "bussiness_post.postimage",
  "pk": 168,
  "fields": {
    "post": 50,
    "filename": "post_pics/image_2_1599101312846.jpg"
  }
},
{
  "model": "bussiness_post.postimage",
  "pk": 169,
  "fields": {
    "post": 50,
    "filename": "post_pics/image_3_1599101312952.jpg"
  }
},
{
  "model": "bussiness_post.postimage",
  "pk": 170,
  "fields": {
    "post": 50,
    "filename": "post_pics/image_4_1599101313061.jpg"
  }
},
{
  "model": "bussiness_post.postimage",
  "pk": 171,
  "fields": {
    "post": 50,
    "filename": "post_pics/image_5_1599101313179.jpg"
  }
},
{
  "model": "bussiness_post.postimage",
  "pk": 172,
  "fields": {
    "post": 50,
    "filename": "post_pics/image_6_1599101313265.jpg"
  }
},
{
  "model": "bussiness_post.postimage",
  "pk": 173,
  "fields": {
    "post": 50,
    "filename": "post_pics/image_7_1599101313329.jpg"
  }
},
{
  "model": "bussiness_post.postimage",
  "pk": 174,
  "fields": {
    "post": 50,
    "filename": "post_pics/image_8_1599101313399.jpg"
  }
},
{
  "model": "bussiness_post.postimage",
  "pk": 175,
  "fields": {
    "post": 51,
    "filename": "post_pics/image_1_1599101408701.jpg"
  }
},
{
  "model": "bussiness_post.postimage",
  "pk": 176,
  "fields": {
    "post": 51,
    "filename": "post_pics/image_2_1599101408778.jpg"
  }
},
{
  "model": "bussiness_post.postimage",
  "pk": 177,
  "fields": {
    "post": 51,
    "filename": "post_pics/image_3_1599101408841.jpg"
  }
},
{
  "model": "bussiness_post.postimage",
  "pk": 178,
  "fields": {
    "post": 51,
    "filename": "post_pics/image_4_1599101408907.jpg"
  }
},
{
  "model": "bussiness_post.postimage",
  "pk": 179,
  "fields": {
    "post": 51,
    "filename": "post_pics/image_5_1599101409022.jpg"
  }
},
{
  "model": "bussiness_post.postimage",
  "pk": 180,
  "fields": {
    "post": 52,
    "filename": "post_pics/image_1_1599141873634.jpg"
  }
},
{
  "model": "bussiness_post.postimage",
  "pk": 181,
  "fields": {
    "post": 52,
    "filename": "post_pics/image_2_1599141873819.jpg"
  }
},
{
  "model": "bussiness_post.postimage",
  "pk": 182,
  "fields": {
    "post": 52,
    "filename": "post_pics/image_3_1599141874353.jpg"
  }
},
{
  "model": "bussiness_post.postimage",
  "pk": 183,
  "fields": {
    "post": 53,
    "filename": "post_pics/image_1_1599141910120.jpg"
  }
},
{
  "model": "bussiness_post.postimage",
  "pk": 184,
  "fields": {
    "post": 54,
    "filename": "post_pics/image_1_1599142468894.jpg"
  }
},
{
  "model": "bussiness_post.postimage",
  "pk": 185,
  "fields": {
    "post": 55,
    "filename": "post_pics/image_1_1599142499797.jpg"
  }
},
{
  "model": "bussiness_post.postimage",
  "pk": 186,
  "fields": {
    "post": 56,
    "filename": "post_pics/image_1_1599142596472.jpg"
  }
},
{
  "model": "bussiness_post.postimage",
  "pk": 187,
  "fields": {
    "post": 57,
    "filename": "post_pics/image_1_1599210303895.jpg"
  }
},
{
  "model": "bussiness_post.postimage",
  "pk": 188,
  "fields": {
    "post": 57,
    "filename": "post_pics/image_2_1599210308765.jpg"
  }
},
{
  "model": "bussiness_post.postimage",
  "pk": 189,
  "fields": {
    "post": 57,
    "filename": "post_pics/image_3_1599210309227.jpg"
  }
},
{
  "model": "bussiness_post.postimage",
  "pk": 190,
  "fields": {
    "post": 57,
    "filename": "post_pics/image_4_1599210309646.jpg"
  }
},
{
  "model": "bussiness_post.postimage",
  "pk": 191,
  "fields": {
    "post": 57,
    "filename": "post_pics/image_5_1599210310087.jpg"
  }
},
{
  "model": "bussiness_post.postimage",
  "pk": 192,
  "fields": {
    "post": 57,
    "filename": "post_pics/image_6_1599210310324.jpg"
  }
},
{
  "model": "bussiness_post.postimage",
  "pk": 193,
  "fields": {
    "post": 57,
    "filename": "post_pics/image_7_1599210310695.jpg"
  }
},
{
  "model": "bussiness.bussiness",
  "pk": 4,
  "fields": {
    "name": "windowshoppi",
    "user": 5,
    "category": 1,
    "country": 1,
    "profile_image": "",
    "bio": "Discover the best things you want when plan spending.\nFind new ideas to try around you.\nExplore, Discover and Search on windowshoppi App.\nCreate your free business account.",
    "location_name": "Dar es Salaam, Tanzania",
    "lattitude": -6.792354,
    "longitude": 39.2083284,
    "date_registered": "2020-09-01T09:14:52.068Z",
    "date_modified": "2020-09-01T09:22:07.092Z",
    "active": true
  }
},
{
  "model": "bussiness.bussiness",
  "pk": 5,
  "fields": {
    "name": "Oscar.Out fits",
    "user": 6,
    "category": 1,
    "country": 1,
    "profile_image": "",
    "bio": "",
    "location_name": "Dar es Salaam, Dar es Salaam, Tanzania",
    "lattitude": -6.792354,
    "longitude": 39.2083284,
    "date_registered": "2020-09-01T14:28:28.623Z",
    "date_modified": "2020-09-01T16:39:03.477Z",
    "active": true
  }
},
{
  "model": "bussiness.bussiness",
  "pk": 6,
  "fields": {
    "name": "mery new fashion",
    "user": 7,
    "category": 1,
    "country": 1,
    "profile_image": "",
    "bio": "",
    "location_name": "Isanga, Mbeya, Tanzania",
    "lattitude": -8.8969449,
    "longitude": 33.4571588,
    "date_registered": "2020-09-01T14:39:02.048Z",
    "date_modified": "2020-09-01T14:40:33.541Z",
    "active": true
  }
},
{
  "model": "bussiness.bussiness",
  "pk": 7,
  "fields": {
    "name": "DAN SPORTWEAR TZ",
    "user": 8,
    "category": 1,
    "country": 1,
    "profile_image": "",
    "bio": "",
    "location_name": "Kariakoo Street, Dar es Salaam, Tanzania",
    "lattitude": -6.8175435,
    "longitude": 39.2741406,
    "date_registered": "2020-09-01T15:56:23.178Z",
    "date_modified": "2020-09-01T15:57:10.002Z",
    "active": true
  }
},
{
  "model": "bussiness.bussiness",
  "pk": 8,
  "fields": {
    "name": "Kea Shopping Centre",
    "user": 9,
    "category": 5,
    "country": 1,
    "profile_image": "",
    "bio": "Home Decor & Clothes\nInterior Design",
    "location_name": "Kariakoo Street, Dar es Salaam, Tanzania",
    "lattitude": -6.8175435,
    "longitude": 39.2741406,
    "date_registered": "2020-09-01T16:04:57.169Z",
    "date_modified": "2020-09-02T13:22:15.485Z",
    "active": true
  }
},
{
  "model": "bussiness.bussiness",
  "pk": 9,
  "fields": {
    "name": "bright solutions",
    "user": 10,
    "category": 5,
    "country": 1,
    "profile_image": "",
    "bio": null,
    "location_name": "Kariakoo, Tanzania",
    "lattitude": -6.8197286,
    "longitude": 39.2729993,
    "date_registered": "2020-09-01T16:29:22.785Z",
    "date_modified": "2020-09-01T16:29:22.785Z",
    "active": true
  }
},
{
  "model": "bussiness.bussiness",
  "pk": 10,
  "fields": {
    "name": "allydai mobile phone",
    "user": 11,
    "category": 1,
    "country": 1,
    "profile_image": "",
    "bio": "Dealers in : Brand New & UK Used Iphone Grad A, Phone Repair, Wireless network devices & Power bank..Free Delivery in Dar ea Salaam Call 0716684499",
    "location_name": "Dar es Salaam, Dar es Salaam, Tanzania",
    "lattitude": -6.792354,
    "longitude": 39.2083284,
    "date_registered": "2020-09-01T16:40:03.525Z",
    "date_modified": "2020-09-01T16:44:54.896Z",
    "active": true
  }
},
{
  "model": "bussiness.bussiness",
  "pk": 11,
  "fields": {
    "name": "officialkibiki_collection",
    "user": 12,
    "category": 3,
    "country": 1,
    "profile_image": "",
    "bio": "online shopping pata handbags Kali za kijanja za akinadada kwa bei poa kabisaa Wadada wajanja usipitwee @officialkibiki_collection",
    "location_name": "Dar es Salaam, Tanzania",
    "lattitude": -6.792354,
    "longitude": 39.2083284,
    "date_registered": "2020-09-02T07:06:11.021Z",
    "date_modified": "2020-09-02T07:08:27.002Z",
    "active": true
  }
},
{
  "model": "bussiness.bussiness",
  "pk": 12,
  "fields": {
    "name": "Erick classic collection",
    "user": 13,
    "category": 1,
    "country": 1,
    "profile_image": "",
    "bio": "kwa Mahitaji ya Nguo Aina zote zinapatikana hapa\n\nMikoani Tunatuma kwa gharama za Mteja \nDar es Salaam tunakuletea popote ulipo\n\n+255 719 681052\n+255 747 661818",
    "location_name": "Dar es Salaam, Tanzania",
    "lattitude": -6.792354,
    "longitude": 39.2083284,
    "date_registered": "2020-09-02T07:09:45.535Z",
    "date_modified": "2020-09-03T02:47:09.487Z",
    "active": true
  }
},
{
  "model": "bussiness.bussiness",
  "pk": 13,
  "fields": {
    "name": "Shani Kondo",
    "user": 14,
    "category": 15,
    "country": 1,
    "profile_image": "",
    "bio": "",
    "location_name": "Tanga Town, Tanga, Tanzania",
    "lattitude": -5.0888751,
    "longitude": 39.1023228,
    "date_registered": "2020-09-02T08:40:50.020Z",
    "date_modified": "2020-09-02T08:41:29.754Z",
    "active": true
  }
},
{
  "model": "bussiness.bussiness",
  "pk": 14,
  "fields": {
    "name": "mkete art",
    "user": 15,
    "category": 9,
    "country": 1,
    "profile_image": "",
    "bio": "decorative art kwa bei poa\n\nWelcome all",
    "location_name": "Ubungo, Tanzania",
    "lattitude": -6.7925196,
    "longitude": 39.20867510000001,
    "date_registered": "2020-09-02T09:34:14.925Z",
    "date_modified": "2020-09-02T09:39:03.099Z",
    "active": true
  }
},
{
  "model": "bussiness.bussiness",
  "pk": 15,
  "fields": {
    "name": "magari",
    "user": 16,
    "category": 7,
    "country": 1,
    "profile_image": "",
    "bio": null,
    "location_name": "Kinondoni, Tanzania",
    "lattitude": -6.7053324,
    "longitude": 39.1127352,
    "date_registered": "2020-09-02T14:56:53.697Z",
    "date_modified": "2020-09-02T14:56:53.697Z",
    "active": true
  }
},
{
  "model": "bussiness.bussiness",
  "pk": 16,
  "fields": {
    "name": "Swabrina Accessories ????",
    "user": 17,
    "category": 3,
    "country": 1,
    "profile_image": "",
    "bio": "Karibu ujipatie oud... perfumes...vitezo... lotion ...na makeups aina zote kwa jumla na rejareja\nTunatuma mikoa yote\nCall/whatssapp: 0718166104",
    "location_name": "Dar es Salaam, Tanzania",
    "lattitude": -6.792354,
    "longitude": 39.2083284,
    "date_registered": "2020-09-04T05:06:03.180Z",
    "date_modified": "2020-09-04T06:18:27.726Z",
    "active": true
  }
},
{
  "model": "bussiness.bussiness",
  "pk": 17,
  "fields": {
    "name": "GM Fashions",
    "user": 18,
    "category": 1,
    "country": 1,
    "profile_image": "",
    "bio": "get the best quality clothes today",
    "location_name": "Kariakoo, Tanzania",
    "lattitude": -6.8197286,
    "longitude": 39.2729993,
    "date_registered": "2020-09-04T13:10:47.462Z",
    "date_modified": "2020-09-04T13:12:26.152Z",
    "active": true
  }
}
]
